x0,x1,x2,x3,x4,x5,x6,x7,x8,x9,x10,x11,x12,x13,x14,x15,x16,x17,x18,x19,x20,y0,y1,y2,y3,y4,y5,y6,y7,y8,y9,y10,y11,y12,y13,y14,y15,y16,y17,y18,y19,y20,label
0.2783413529396057,0.3545644283294678,0.41537001729011536,0.4229006767272949,0.3794610798358917,0.39523351192474365,0.4159192442893982,0.42721742391586304,0.4352933466434479,0.3289891183376312,0.3629225194454193,0.3645252287387848,0.36090293526649475,0.26761162281036377,0.3089861571788788,0.32129278779029846,0.3273504674434662,0.21391260623931885,0.2507871091365814,0.27102774381637573,0.28335249423980713,0.9042463302612305,0.8732982873916626,0.8071584701538086,0.7330677509307861,0.6882330179214478,0.5791206955909729,0.44441166520118713,0.35124000906944275,0.27064448595046997,0.5656624436378479,0.5484803915023804,0.6485059261322021,0.7309526801109314,0.5811330080032349,0.6302387118339539,0.7401553392410278,0.815403163433075,0.6186625957489014,0.6722884774208069,0.7517461180686951,0.8019367456436157,1
0.2750943601131439,0.3550185263156891,0.4150412082672119,0.4220981001853943,0.3891942501068115,0.39564234018325806,0.4151840806007385,0.42366141080856323,0.43077099323272705,0.32849934697151184,0.3564472496509552,0.35845494270324707,0.35695165395736694,0.2661641836166382,0.3010580837726593,0.30965957045555115,0.3143084645271301,0.21052813529968262,0.242545485496521,0.2617999017238617,0.2730884850025177,0.8813725113868713,0.8394327163696289,0.7660462856292725,0.6911520957946777,0.6386969089508057,0.5565652847290039,0.4314255714416504,0.34081733226776123,0.26588553190231323,0.5371536016464233,0.5694050788879395,0.6720668077468872,0.7521176338195801,0.5528152585029602,0.6198925971984863,0.7227685451507568,0.7968653440475464,0.5892878770828247,0.6416113972663879,0.7182150483131409,0.771191418170929,1
0.28306496143341064,0.36281317472457886,0.4224827289581299,0.4302730858325958,0.40248605608940125,0.40214458107948303,0.4230762720108032,0.4332442879676819,0.44088679552078247,0.33541759848594666,0.3674928843975067,0.36963915824890137,0.3659147024154663,0.2736937701702118,0.31168052554130554,0.3204333186149597,0.32277044653892517,0.21804019808769226,0.2529855966567993,0.2722172737121582,0.2817230820655823,0.8720521926879883,0.8337827920913696,0.7595378756523132,0.6868133544921875,0.6361050605773926,0.5491560697555542,0.4245615303516388,0.33422452211380005,0.2599189877510071,0.5309411883354187,0.5547302961349487,0.6586530208587646,0.7410024404525757,0.5456663966178894,0.6103581786155701,0.7124120593070984,0.7853896021842957,0.5813988447189331,0.635989248752594,0.712092399597168,0.7633247375488281,1
0.2870686650276184,0.36709678173065186,0.42740482091903687,0.43785661458969116,0.4082563817501068,0.4089796543121338,0.4282131791114807,0.43820810317993164,0.4469285011291504,0.3418499231338501,0.3748728632926941,0.37462371587753296,0.3702622652053833,0.2791641354560852,0.3203958570957184,0.32689881324768066,0.32882145047187805,0.22310374677181244,0.2602636218070984,0.27907153964042664,0.2890297770500183,0.8691064119338989,0.8325145244598389,0.7572997808456421,0.6793438196182251,0.6252219676971436,0.5434942841529846,0.41813337802886963,0.3275164067745209,0.25280672311782837,0.5246322154998779,0.5528548955917358,0.6563829779624939,0.7382301688194275,0.5401125550270081,0.6053204536437988,0.7105801701545715,0.7872446179389954,0.5775240063667297,0.6301858425140381,0.7072978615760803,0.7598512172698975,1
0.293378621339798,0.3738606870174408,0.4380210340023041,0.4490361213684082,0.4179953932762146,0.4176344871520996,0.4391341209411621,0.45112401247024536,0.4607335329055786,0.3494222164154053,0.3823578953742981,0.38348156213760376,0.3800952732563019,0.2853972315788269,0.3228282928466797,0.33052873611450195,0.3341270089149475,0.2271336317062378,0.26224851608276367,0.2817181646823883,0.2924450635910034,0.8671752214431763,0.8327077627182007,0.7564687132835388,0.6816983819007874,0.6338723301887512,0.5378873348236084,0.41334158182144165,0.32162752747535706,0.24600383639335632,0.5174976587295532,0.548979640007019,0.6654453277587891,0.7538486123085022,0.532819926738739,0.6033995747566223,0.714874804019928,0.7915340065956116,0.5702027678489685,0.6269153356552124,0.7095808386802673,0.7620981335639954,1
0.29253309965133667,0.37663739919662476,0.44003042578697205,0.44865715503692627,0.4172913432121277,0.4203122556209564,0.4422309696674347,0.4538313150405884,0.4637157917022705,0.3503052890300751,0.38441723585128784,0.38686755299568176,0.3848661482334137,0.2844718396663666,0.3246449828147888,0.33319634199142456,0.33754509687423706,0.2246684730052948,0.26269298791885376,0.28164124488830566,0.2921085059642792,0.8678844571113586,0.8323981761932373,0.7550424933433533,0.6779475212097168,0.6269299983978271,0.5322693586349487,0.40744274854660034,0.31431370973587036,0.23718351125717163,0.5106305480003357,0.5431016087532043,0.6589596271514893,0.749031126499176,0.5250937938690186,0.5995967388153076,0.7137821912765503,0.794304609298706,0.562548041343689,0.6233096718788147,0.7068943381309509,0.7610325813293457,1
0.2949526906013489,0.37929025292396545,0.44690826535224915,0.45668768882751465,0.4245399236679077,0.42966288328170776,0.45072388648986816,0.46045181155204773,0.46842122077941895,0.3572133183479309,0.39045044779777527,0.3932294249534607,0.3924679756164551,0.2888914942741394,0.32844969630241394,0.3363845646381378,0.34022945165634155,0.22611479461193085,0.26380008459091187,0.2831811308860779,0.29353630542755127,0.8765830397605896,0.8401393890380859,0.7572787404060364,0.6709860563278198,0.6088031530380249,0.5321965217590332,0.40610337257385254,0.30999064445495605,0.23062247037887573,0.5086562037467957,0.5462778210639954,0.6643279194831848,0.7513763904571533,0.5238578915596008,0.6050012707710266,0.718140721321106,0.7934165596961975,0.5628824830055237,0.6300132274627686,0.7175924777984619,0.7699987888336182,1
0.30996769666671753,0.39916083216667175,0.47130876779556274,0.4900783896446228,0.4611731171607971,0.45090481638908386,0.46660593152046204,0.4753132462501526,0.48132070899009705,0.37431782484054565,0.4098062217235565,0.41449669003486633,0.41294363141059875,0.30184778571128845,0.34112852811813354,0.3519599735736847,0.3574860692024231,0.23436400294303894,0.27250951528549194,0.29463207721710205,0.3070801794528961,0.9075301885604858,0.8674731254577637,0.7798264622688293,0.6905802488327026,0.6218731999397278,0.542834460735321,0.4049433469772339,0.30050280690193176,0.21346428990364075,0.5185311436653137,0.5533014535903931,0.6876947283744812,0.786395251750946,0.5343071818351746,0.6211254596710205,0.745658278465271,0.828162670135498,0.5758243799209595,0.6495653390884399,0.7460374236106873,0.8035290241241455,1
0.3102911114692688,0.3969044089317322,0.466591477394104,0.47775256633758545,0.45323431491851807,0.4500557780265808,0.46869713068008423,0.47980841994285583,0.48843103647232056,0.37263065576553345,0.4070785343647003,0.411843866109848,0.4119015336036682,0.29966115951538086,0.34048599004745483,0.3521589934825897,0.3582574427127838,0.23134450614452362,0.26997679471969604,0.29020076990127563,0.3017101287841797,0.9325118660926819,0.8939075469970703,0.8112112879753113,0.7278388738632202,0.6576700806617737,0.562828779220581,0.4180275797843933,0.3118758499622345,0.22300785779953003,0.538038969039917,0.5835590362548828,0.7112053036689758,0.8023389577865601,0.5544522404670715,0.6484613418579102,0.7684009671211243,0.8474114537239075,0.597553014755249,0.6738595962524414,0.7644214034080505,0.8177768588066101,1
0.31542694568634033,0.4051879644393921,0.4802837669849396,0.4945492148399353,0.4601774215698242,0.4534692168235779,0.4715600907802582,0.4820835292339325,0.4889160096645355,0.3731742799282074,0.4086678922176361,0.4140731692314148,0.4140494167804718,0.29724809527397156,0.33772972226142883,0.3506366014480591,0.3584498167037964,0.22617819905281067,0.2656327486038208,0.2897897958755493,0.30537840723991394,0.9615249633789062,0.9224978685379028,0.8316353559494019,0.7423257827758789,0.6767542958259583,0.5775401592254639,0.4260273575782776,0.3133460283279419,0.22057673335075378,0.5522903203964233,0.6105309128761292,0.7450096607208252,0.8421276807785034,0.5721195936203003,0.6727235317230225,0.7939673066139221,0.8763009309768677,0.6181609034538269,0.7011938095092773,0.7957454919815063,0.8532581329345703,1
0.3646079897880554,0.4546523988246918,0.5246340036392212,0.530095100402832,0.47684019804000854,0.49653875827789307,0.5056167244911194,0.5097357034683228,0.5125066041946411,0.4066142737865448,0.4410938024520874,0.4502999484539032,0.45565497875213623,0.3240930140018463,0.3657299280166626,0.38286980986595154,0.39556530117988586,0.25053679943084717,0.28912514448165894,0.31593066453933716,0.3341715633869171,0.9950765371322632,0.9507777690887451,0.8540250658988953,0.7576940655708313,0.6922685503959656,0.5854140520095825,0.43308013677597046,0.31425872445106506,0.215154230594635,0.5599324703216553,0.6224149465560913,0.7703423500061035,0.874973475933075,0.5868055820465088,0.6953650116920471,0.8242980241775513,0.9097838401794434,0.6430851221084595,0.7324564456939697,0.8323220610618591,0.890332818031311,1
0.37285754084587097,0.48115548491477966,0.5481740236282349,0.5386817455291748,0.49149197340011597,0.5318641662597656,0.5329471826553345,0.5228742361068726,0.5063649415969849,0.4339541494846344,0.44656962156295776,0.45702823996543884,0.4697464108467102,0.34341275691986084,0.3663771450519562,0.3870543837547302,0.4070812463760376,0.2631751298904419,0.29008519649505615,0.31669750809669495,0.3397544026374817,0.9856479167938232,0.9346272349357605,0.8209904432296753,0.7035693526268005,0.6226087212562561,0.5729401707649231,0.435748815536499,0.3202015161514282,0.2219889760017395,0.5527557730674744,0.6118680834770203,0.7647374868392944,0.85486900806427,0.5785189270973206,0.6828130483627319,0.8211290836334229,0.9006927609443665,0.6317976713180542,0.731050431728363,0.8342065811157227,0.8779848217964172,1
0.4434477686882019,0.5269579887390137,0.5915200114250183,0.5823348760604858,0.522545576095581,0.555201530456543,0.5538688898086548,0.5415622591972351,0.5282271504402161,0.4613891839981079,0.48062023520469666,0.4939359724521637,0.5075118541717529,0.37364768981933594,0.4072344899177551,0.4355204105377197,0.45735475420951843,0.29402899742126465,0.3307638168334961,0.3650514781475067,0.39009273052215576,1.0297216176986694,0.9722766280174255,0.8663759231567383,0.7607932090759277,0.6932752728462219,0.6057893633842468,0.4458884596824646,0.32183802127838135,0.22160130739212036,0.5905672907829285,0.6304827928543091,0.7735253572463989,0.8811377286911011,0.6175874471664429,0.7095836400985718,0.8448569774627686,0.9431192874908447,0.6724855303764343,0.7520866990089417,0.853865385055542,0.9152815341949463,1
0.45678266882896423,0.5399702787399292,0.6072447299957275,0.6116443276405334,0.5560154914855957,0.5672414302825928,0.5683261156082153,0.5606544613838196,0.5495375990867615,0.46745565533638,0.4989009499549866,0.517270565032959,0.5307986736297607,0.37678492069244385,0.42286762595176697,0.45359697937965393,0.4739379584789276,0.29852408170700073,0.341996431350708,0.38040322065353394,0.4044995605945587,1.0426585674285889,0.9889736175537109,0.8901289105415344,0.794784426689148,0.7255365252494812,0.5985584855079651,0.4363846778869629,0.3120880424976349,0.2101479172706604,0.5825737714767456,0.6574171781539917,0.8197389841079712,0.9135711193084717,0.6191280484199524,0.7361481785774231,0.8749804496765137,0.952173113822937,0.6853185892105103,0.7792384028434753,0.8858187794685364,0.934349536895752,1
0.45252305269241333,0.5422532558441162,0.6124521493911743,0.6219686269760132,0.5622868537902832,0.5751791000366211,0.5814769268035889,0.5701286792755127,0.553342878818512,0.46981826424598694,0.5052598118782043,0.5260220170021057,0.5416960120201111,0.3723028004169464,0.4209982752799988,0.45317578315734863,0.4745302200317383,0.288600355386734,0.3340984880924225,0.3754607141017914,0.40257880091667175,1.079600214958191,1.0250489711761475,0.9211894869804382,0.8171309232711792,0.7375208139419556,0.6126617193222046,0.43708211183547974,0.30092090368270874,0.18962803483009338,0.5920845866203308,0.6698748469352722,0.8406148552894592,0.9475034475326538,0.630149245262146,0.7549821138381958,0.903621256351471,0.9942623376846313,0.6998997330665588,0.8079342842102051,0.9212032556533813,0.9771562218666077,1
0.44778013229370117,0.5363208055496216,0.6121381521224976,0.6284990906715393,0.5663836002349854,0.5880711674690247,0.593224287033081,0.5807545781135559,0.5600778460502625,0.47718456387519836,0.510236382484436,0.5287412405014038,0.5388876795768738,0.37336987257003784,0.41899973154067993,0.4520215094089508,0.46987295150756836,0.28305676579475403,0.3284197747707367,0.37106186151504517,0.3947538733482361,1.0878876447677612,1.0384924411773682,0.9447064399719238,0.8437268733978271,0.7635277509689331,0.6360195279121399,0.44943538308143616,0.3118489682674408,0.19578352570533752,0.6085153818130493,0.6884176731109619,0.8692657947540283,0.966324508190155,0.6429644227027893,0.7788486480712891,0.9313054084777832,1.0068260431289673,0.7114681005477905,0.8353782892227173,0.9515335559844971,0.9950830936431885,1
0.4557027518749237,0.5424056053161621,0.608504056930542,0.6028186678886414,0.5315179228782654,0.5528476238250732,0.5497907400131226,0.5413668751716614,0.530684232711792,0.4485442638397217,0.47680798172950745,0.49731531739234924,0.5133945345878601,0.3568183183670044,0.39841485023498535,0.4344632625579834,0.4617571234703064,0.28013545274734497,0.31759023666381836,0.36022502183914185,0.3907385468482971,1.0771894454956055,1.0132644176483154,0.9022318124771118,0.8001066446304321,0.7319519519805908,0.6037681698799133,0.424296498298645,0.292745441198349,0.1816198229789734,0.5886030793190002,0.6669179797172546,0.8311743140220642,0.928459882736206,0.6309736371040344,0.764951229095459,0.9040982723236084,0.9794478416442871,0.7029644846916199,0.8148261308670044,0.9218745827674866,0.9709731340408325,1
0.4479958713054657,0.5369383096694946,0.5910874605178833,0.5814868807792664,0.5124263167381287,0.568017840385437,0.5594620108604431,0.5387281775474548,0.5145522952079773,0.4611934721469879,0.46849963068962097,0.48897749185562134,0.5130718946456909,0.3642198443412781,0.38586512207984924,0.42166370153427124,0.45469626784324646,0.2816354036331177,0.30864185094833374,0.3492829501628876,0.38273343443870544,1.0743622779846191,1.011927604675293,0.8967034816741943,0.7803635001182556,0.7007208466529846,0.6055664420127869,0.4257120192050934,0.28566399216651917,0.17374509572982788,0.5895165205001831,0.6665616631507874,0.8373038172721863,0.9408323168754578,0.6255263686180115,0.758208692073822,0.9005588889122009,0.9853034019470215,0.6864662170410156,0.8061347007751465,0.9180294871330261,0.9694912433624268,1
0.4321812689304352,0.5249676704406738,0.5908747315406799,0.583870530128479,0.5141689777374268,0.5570053458213806,0.5456350445747375,0.526758074760437,0.5059875845909119,0.45498791337013245,0.46727216243743896,0.48828139901161194,0.5094757080078125,0.3615823984146118,0.38569170236587524,0.42297765612602234,0.4539569914340973,0.28205689787864685,0.3078874349594116,0.34837138652801514,0.3800828754901886,1.0381982326507568,0.9718858003616333,0.8647262454032898,0.762396514415741,0.6930913925170898,0.5787020921707153,0.4012784957885742,0.27296963334083557,0.16565710306167603,0.568209707736969,0.622353732585907,0.7876201868057251,0.8909605741500854,0.6029156446456909,0.7178041934967041,0.8638414144515991,0.9512393474578857,0.6629101037979126,0.7684617042541504,0.8780892491340637,0.9304145574569702,1
0.4423165023326874,0.5278905034065247,0.5886121988296509,0.5855116248130798,0.5233079791069031,0.5570509433746338,0.5462714433670044,0.528016984462738,0.5079634785652161,0.4582430422306061,0.4688399136066437,0.4883759617805481,0.507681667804718,0.36716580390930176,0.39186179637908936,0.4276887774467468,0.45705246925354004,0.2893546223640442,0.3172489404678345,0.3577255606651306,0.3894433081150055,1.0221717357635498,0.95569908618927,0.8460724353790283,0.7473561763763428,0.6817163825035095,0.5673386454582214,0.3918749988079071,0.26756200194358826,0.16308489441871643,0.5560073256492615,0.5957139134407043,0.7548843026161194,0.8576940894126892,0.5896449089050293,0.686674177646637,0.8360494375228882,0.9295169115066528,0.6503779292106628,0.7456377744674683,0.8569856286048889,0.914310097694397,1
0.43224722146987915,0.5208495259284973,0.580004096031189,0.5737423896789551,0.5112364292144775,0.5472412109375,0.5394609570503235,0.5233411192893982,0.5061752200126648,0.4529070258140564,0.46522238850593567,0.48527318239212036,0.5027332901954651,0.3671708106994629,0.3947690725326538,0.42823517322540283,0.4521055221557617,0.29588958621025085,0.32626378536224365,0.36108195781707764,0.3855116069316864,0.9872673749923706,0.9174168109893799,0.8053980469703674,0.7050721645355225,0.6402096152305603,0.554863452911377,0.3805564045906067,0.26177555322647095,0.16029790043830872,0.5522274374961853,0.557553231716156,0.7009953856468201,0.8096831440925598,0.5843294858932495,0.6467410326004028,0.7843998074531555,0.8801923990249634,0.6411353945732117,0.7071243524551392,0.8083202242851257,0.8675938248634338,1
0.4292069971561432,0.5192935466766357,0.5825343132019043,0.5777734518051147,0.5162535905838013,0.5472843647003174,0.5397199988365173,0.5227710604667664,0.5074372887611389,0.4555412828922272,0.46786966919898987,0.48208868503570557,0.4991756081581116,0.3721216022968292,0.4006994664669037,0.4309518337249756,0.4560297131538391,0.30194759368896484,0.32986366748809814,0.3633132576942444,0.38943034410476685,0.9772517085075378,0.9133917093276978,0.8044491410255432,0.7008733749389648,0.6338198184967041,0.5502254962921143,0.38106122612953186,0.2655213177204132,0.16748106479644775,0.5477808713912964,0.5465397238731384,0.6890450716018677,0.797296404838562,0.5802500247955322,0.6470929384231567,0.7878450155258179,0.8838502168655396,0.6350768804550171,0.699074387550354,0.799576997756958,0.8581070303916931,1
0.4350989758968353,0.5195479989051819,0.5793304443359375,0.5701062679290771,0.5089137554168701,0.5486167073249817,0.5393244028091431,0.5203340649604797,0.5029744505882263,0.46464914083480835,0.47302812337875366,0.48730459809303284,0.5043304562568665,0.38859373331069946,0.41038835048675537,0.4380248188972473,0.45987647771835327,0.3234218955039978,0.3477410078048706,0.3769077658653259,0.4004145562648773,0.9572521448135376,0.887443482875824,0.7821215987205505,0.692444384098053,0.6436654925346375,0.5743352770805359,0.41528862714767456,0.31039267778396606,0.21954765915870667,0.5731868147850037,0.5759800672531128,0.6937586069107056,0.7848758101463318,0.6017842888832092,0.6592650413513184,0.7784178256988525,0.8624148368835449,0.6500706672668457,0.7064316272735596,0.7934903502464294,0.8468855023384094,1
0.43607181310653687,0.5132145881652832,0.5676645040512085,0.5641810297966003,0.5122926831245422,0.5411967039108276,0.5343449711799622,0.5199766159057617,0.5061147809028625,0.46234095096588135,0.4756303131580353,0.49514445662498474,0.5105273723602295,0.38944944739341736,0.41322827339172363,0.44139906764030457,0.46107956767082214,0.32672202587127686,0.35481542348861694,0.3839571177959442,0.4045793414115906,0.9550945162773132,0.8967529535293579,0.7980459928512573,0.7089083194732666,0.6534266471862793,0.5944777727127075,0.4410269260406494,0.3373563587665558,0.24808859825134277,0.5846080780029297,0.6001721024513245,0.7113739252090454,0.7959516644477844,0.6073607802391052,0.6626887917518616,0.7775362730026245,0.8605701923370361,0.6514748334884644,0.713336169719696,0.8000979423522949,0.8546688556671143,1
0.43122074007987976,0.5136039853096008,0.569102942943573,0.5598636865615845,0.5056053996086121,0.5306465029716492,0.5278726816177368,0.5181665420532227,0.509169340133667,0.455837607383728,0.470477432012558,0.48986658453941345,0.5064416527748108,0.38891172409057617,0.41658446192741394,0.44200408458709717,0.460693895816803,0.33052799105644226,0.36077678203582764,0.38800346851348877,0.40773776173591614,0.9458156824111938,0.8796632289886475,0.7783769965171814,0.6894779205322266,0.6477928161621094,0.6000046730041504,0.45154449343681335,0.35020962357521057,0.2627665400505066,0.5921605825424194,0.6047887802124023,0.7027367353439331,0.7824802398681641,0.6144372820854187,0.6765438914299011,0.7824960350990295,0.8631391525268555,0.6560369729995728,0.7138828039169312,0.7911146879196167,0.8441302180290222,1
0.43180331587791443,0.5121481418609619,0.5670729279518127,0.5882879495620728,0.5979840755462646,0.5295689702033997,0.5290114879608154,0.5188354253768921,0.5096511840820312,0.46125471591949463,0.469290554523468,0.4837891459465027,0.4979895353317261,0.39820796251296997,0.4193733036518097,0.44444701075553894,0.4634782671928406,0.34101420640945435,0.3659399151802063,0.3907419741153717,0.4095272123813629,0.9349179267883301,0.8613148927688599,0.7460216879844666,0.6453565955162048,0.5750401616096497,0.6067892909049988,0.4704534411430359,0.3746092617511749,0.29131174087524414,0.5984808802604675,0.5890870094299316,0.6697460412979126,0.7391933798789978,0.614511251449585,0.6558931469917297,0.7591081261634827,0.8423643112182617,0.6499078869819641,0.7000323534011841,0.7761238217353821,0.8322811722755432,1
0.4297598898410797,0.5082667469978333,0.5610668063163757,0.5602898001670837,0.527970552444458,0.527831494808197,0.5245893597602844,0.516421914100647,0.5103949308395386,0.45860791206359863,0.47297611832618713,0.4870375692844391,0.49976232647895813,0.396557092666626,0.42099079489707947,0.44152072072029114,0.45768970251083374,0.34151920676231384,0.36845147609710693,0.3910524249076843,0.40867865085601807,0.9161430597305298,0.8568025231361389,0.7562949657440186,0.6755702495574951,0.6321533918380737,0.5914967656135559,0.45226767659187317,0.3574073314666748,0.277765691280365,0.583229660987854,0.5962844491004944,0.689569890499115,0.7680761814117432,0.6021398305892944,0.6600624322891235,0.7578123807907104,0.8331176042556763,0.6379197239875793,0.6964486241340637,0.771533727645874,0.8231949806213379,1
0.4290405809879303,0.5085110068321228,0.5687554478645325,0.595844566822052,0.610616147518158,0.525975227355957,0.5215563774108887,0.5120960474014282,0.504207968711853,0.46047744154930115,0.46944859623908997,0.48331180214881897,0.49593639373779297,0.40087640285491943,0.4194062054157257,0.44085702300071716,0.457634299993515,0.3476373851299286,0.36734092235565186,0.39150726795196533,0.41080063581466675,0.9162709712982178,0.8486213684082031,0.7361330986022949,0.6362326145172119,0.5637630820274353,0.5977944731712341,0.4662160873413086,0.3739473521709442,0.2954943776130676,0.5910037159919739,0.6009584665298462,0.6888647675514221,0.761859655380249,0.6105092167854309,0.6613102555274963,0.7559928894042969,0.8308718800544739,0.6476486325263977,0.6929552555084229,0.7645620107650757,0.8172305226325989,1
0.41968876123428345,0.49132078886032104,0.5401220321655273,0.5486227869987488,0.5325741767883301,0.5159108638763428,0.5169687867164612,0.5070836544036865,0.4970739483833313,0.45438796281814575,0.46988770365715027,0.4818408787250519,0.4910496175289154,0.3972018361091614,0.4164850115776062,0.43707507848739624,0.4544716477394104,0.3454284965991974,0.3677806854248047,0.390493780374527,0.4079474210739136,0.9058922529220581,0.8435485363006592,0.7548145651817322,0.6768991947174072,0.6218363642692566,0.6106478571891785,0.49724653363227844,0.4162590503692627,0.3431335389614105,0.6035858988761902,0.533936619758606,0.5270965099334717,0.5219500660896301,0.618847668170929,0.631373941898346,0.7255461812019348,0.8013265132904053,0.6528682112693787,0.6809701323509216,0.7501826286315918,0.803453803062439,1
0.42445576190948486,0.49357858300209045,0.5408765077590942,0.5312012434005737,0.4909560978412628,0.5102382898330688,0.5093525052070618,0.5033693313598633,0.4993634521961212,0.4495347738265991,0.4607352912425995,0.4746732711791992,0.4860858917236328,0.3943265974521637,0.4135628938674927,0.4336145520210266,0.4483373165130615,0.34372854232788086,0.3662780523300171,0.39003250002861023,0.40714558959007263,0.8943828344345093,0.8406712412834167,0.7556848526000977,0.6794719099998474,0.6353347301483154,0.6041738390922546,0.4870949983596802,0.4038182199001312,0.3328767418861389,0.5956205725669861,0.6081680059432983,0.6928677558898926,0.7649746537208557,0.6131746768951416,0.6601170897483826,0.7461739182472229,0.8149425387382507,0.6472057700157166,0.6891577839851379,0.7522737979888916,0.7987920641899109,1
0.4274165630340576,0.496319979429245,0.5405065417289734,0.5450928807258606,0.5175264477729797,0.5130646228790283,0.514034628868103,0.510010838508606,0.5058752298355103,0.45730942487716675,0.47097525000572205,0.48598888516426086,0.4957699179649353,0.40562495589256287,0.42754945158958435,0.4463151693344116,0.4574369788169861,0.359826922416687,0.38230788707733154,0.4036797881126404,0.41689226031303406,0.8969003558158875,0.8464965224266052,0.7633528113365173,0.6889446973800659,0.648220419883728,0.6212131977081299,0.5041480660438538,0.4225696921348572,0.35372647643089294,0.617504894733429,0.6103227138519287,0.6967165470123291,0.7712745666503906,0.6350303888320923,0.658272922039032,0.7447031736373901,0.8142725825309753,0.6681058406829834,0.6928626298904419,0.7544863820075989,0.8008339405059814,1
0.4316841959953308,0.5030301809310913,0.5523528456687927,0.5832112431526184,0.6024764180183411,0.5178864002227783,0.5192871689796448,0.5137074589729309,0.5079481601715088,0.4619336426258087,0.47034895420074463,0.48581236600875854,0.4971896708011627,0.40997183322906494,0.42774468660354614,0.44884544610977173,0.4627501368522644,0.36357322335243225,0.38471782207489014,0.4048158824443817,0.41764238476753235,0.8984230756759644,0.8347145318984985,0.7352371215820312,0.6452606916427612,0.5786240100860596,0.6279599070549011,0.5148571729660034,0.4357870817184448,0.3669672906398773,0.6249907612800598,0.6141473054885864,0.6928102970123291,0.7604773640632629,0.6416585445404053,0.6593483686447144,0.7460225820541382,0.8183500170707703,0.6744775176048279,0.6993657946586609,0.7615805864334106,0.8097643852233887,1
0.43188610672950745,0.4980432391166687,0.5487852096557617,0.5539174675941467,0.5145962834358215,0.5132451057434082,0.5124167203903198,0.5070892572402954,0.5024205446243286,0.4599352777004242,0.48031264543533325,0.48990142345428467,0.4938170909881592,0.41030585765838623,0.4355694353580475,0.45255225896835327,0.46168777346611023,0.36606350541114807,0.39075738191604614,0.41242238879203796,0.42518696188926697,0.8851251006126404,0.8427402973175049,0.7694774866104126,0.7025168538093567,0.6756036877632141,0.6199951767921448,0.5049594640731812,0.4295315742492676,0.3661802411079407,0.6176693439483643,0.6283105611801147,0.7177371978759766,0.7897343039512634,0.637374997138977,0.659417450428009,0.7434701323509216,0.8098858594894409,0.670881986618042,0.6932255029678345,0.7523257732391357,0.7963333129882812,1
0.4420352280139923,0.5027408003807068,0.5442213416099548,0.5410619974136353,0.5136352777481079,0.5139109492301941,0.5047000050544739,0.4973728060722351,0.49274224042892456,0.4606916308403015,0.48283785581588745,0.49501144886016846,0.49892380833625793,0.4108695387840271,0.44060835242271423,0.4576343595981598,0.46533408761024475,0.36659157276153564,0.3953530788421631,0.4151594936847687,0.42461806535720825,0.8766441345214844,0.8376942276954651,0.7755833864212036,0.7213847041130066,0.6822702288627625,0.6121425628662109,0.49890369176864624,0.4233938753604889,0.3626837432384491,0.6136592626571655,0.6092970371246338,0.684678316116333,0.7496751546859741,0.6331741213798523,0.6574589014053345,0.7424806952476501,0.8101297616958618,0.6679441332817078,0.6934975981712341,0.7550144195556641,0.8006033301353455,1
0.4255968928337097,0.4938508868217468,0.5441792011260986,0.5319056510925293,0.4924006462097168,0.5385110974311829,0.5751981735229492,0.6002214550971985,0.6205894947052002,0.48293572664260864,0.5007297396659851,0.5011523962020874,0.4994296431541443,0.4254014492034912,0.44753122329711914,0.4603736996650696,0.4687177538871765,0.3703126013278961,0.3992447257041931,0.41352272033691406,0.42128926515579224,0.8879596590995789,0.8537614345550537,0.7911674976348877,0.7269657254219055,0.6874874234199524,0.6559265851974487,0.5936729311943054,0.5593187808990479,0.5324838161468506,0.6302160024642944,0.5210577249526978,0.4335389733314514,0.36805710196495056,0.6359317898750305,0.6521351933479309,0.7393471002578735,0.806170642375946,0.6624780893325806,0.6908873915672302,0.7574805617332458,0.807578444480896,1
0.4409030079841614,0.5044978260993958,0.5533441305160522,0.5493165254592896,0.5074391961097717,0.5104504823684692,0.5112573504447937,0.5077400803565979,0.5054745078086853,0.4590582549571991,0.4839894771575928,0.4915226101875305,0.49123677611351013,0.41370874643325806,0.4477218687534332,0.46206986904144287,0.46683454513549805,0.37499159574508667,0.4086219370365143,0.4264775812625885,0.4346644878387451,0.87664395570755,0.8424974679946899,0.7758058309555054,0.7112969756126404,0.6887595057487488,0.6110374927520752,0.5,0.422911137342453,0.3587142527103424,0.60568767786026,0.6113594770431519,0.6854905486106873,0.7463380098342896,0.6248846650123596,0.6614599227905273,0.7397315502166748,0.7991390824317932,0.6594735980033875,0.691711962223053,0.7511492371559143,0.7948005199432373,1
0.44065502285957336,0.5094296932220459,0.5598291158676147,0.5512971878051758,0.505918562412262,0.5250040888786316,0.5200516581535339,0.5094700455665588,0.504173994064331,0.47444289922714233,0.4986632168292999,0.5182626247406006,0.5367506146430969,0.4252046048641205,0.4577142596244812,0.4686912000179291,0.47647663950920105,0.3806806206703186,0.414452463388443,0.4307898283004761,0.4381486773490906,0.880292534828186,0.8425860404968262,0.7733145356178284,0.7048494219779968,0.6730165481567383,0.627123236656189,0.5118961334228516,0.4314659833908081,0.36195066571235657,0.6169574856758118,0.5722525119781494,0.5380198359489441,0.5120967030525208,0.6252790093421936,0.6588650941848755,0.7431074380874634,0.8145575523376465,0.6477546691894531,0.6779049634933472,0.7382689118385315,0.7907791137695312,1
0.45082399249076843,0.5144073963165283,0.562711238861084,0.5544589757919312,0.5093942284584045,0.5225105285644531,0.5193536281585693,0.5106399059295654,0.5067182779312134,0.4741063117980957,0.4993443787097931,0.518269956111908,0.5345214605331421,0.4274684488773346,0.46204572916030884,0.47375205159187317,0.4797666072845459,0.3848053216934204,0.41908442974090576,0.43530571460723877,0.44118207693099976,0.8685113191604614,0.8294439315795898,0.757533073425293,0.6905696392059326,0.6618082523345947,0.6135734915733337,0.5004824995994568,0.4236588776111603,0.35808491706848145,0.6077539324760437,0.5858297944068909,0.5999647378921509,0.6104344129562378,0.6180062294006348,0.6399059891700745,0.7264863848686218,0.7954392433166504,0.6402254700660706,0.6627156734466553,0.7270190715789795,0.7786669731140137,1
0.4572346806526184,0.5207459926605225,0.5691589713096619,0.5564948320388794,0.5111122727394104,0.5178453326225281,0.514058530330658,0.508289635181427,0.5047771334648132,0.46698135137557983,0.5010625720024109,0.5119196772575378,0.5138879418373108,0.42347970604896545,0.46013131737709045,0.4724545180797577,0.47643017768859863,0.3848790228366852,0.4184359610080719,0.43695297837257385,0.4445900022983551,0.8603665828704834,0.8215709328651428,0.7498399615287781,0.685407817363739,0.6659815311431885,0.5956521034240723,0.48903459310531616,0.41859257221221924,0.36011335253715515,0.5928494930267334,0.6090938448905945,0.6860859990119934,0.7503824830055237,0.6121588349342346,0.6453513503074646,0.7243371605873108,0.7866572737693787,0.6425273418426514,0.6604740619659424,0.7204923033714294,0.7695980668067932,1
0.4595802128314972,0.5228164792060852,0.5701413154602051,0.5622138977050781,0.5197790265083313,0.5216363072395325,0.5171023011207581,0.5091432332992554,0.5022241473197937,0.4715861678123474,0.4993547201156616,0.5106343626976013,0.5134004354476929,0.4273156225681305,0.46240919828414917,0.4761096239089966,0.48123136162757874,0.3874953091144562,0.42242780327796936,0.44063350558280945,0.44780513644218445,0.8558182716369629,0.8201620578765869,0.7504611015319824,0.6842986941337585,0.6638362407684326,0.5904250144958496,0.4852437376976013,0.41303592920303345,0.3522488474845886,0.5884618163108826,0.5931445956230164,0.6677594184875488,0.7325364351272583,0.6066891551017761,0.6385049223899841,0.719512939453125,0.7843823432922363,0.636859655380249,0.6565278172492981,0.7157836556434631,0.7651354670524597,1
0.4614450931549072,0.5260377526283264,0.5763739347457886,0.5710673332214355,0.5278031826019287,0.5222121477127075,0.5178259611129761,0.5110571384429932,0.5058850049972534,0.47110649943351746,0.5045859217643738,0.5155274868011475,0.5158949494361877,0.42659685015678406,0.4637433886528015,0.47541165351867676,0.4776139557361603,0.38610541820526123,0.4233132302761078,0.4406214654445648,0.44501060247421265,0.8481217622756958,0.8151922821998596,0.7443321943283081,0.6776794195175171,0.6565675735473633,0.5838053226470947,0.47263890504837036,0.3982619345188141,0.335972398519516,0.580785870552063,0.5951706171035767,0.6825035214424133,0.7531120777130127,0.5998903512954712,0.6270561218261719,0.7096563577651978,0.7751449346542358,0.6298384666442871,0.6461263298988342,0.7087842226028442,0.7597599029541016,1
0.4616137146949768,0.5245379209518433,0.5751685500144958,0.5644120573997498,0.5163055658340454,0.5201604962348938,0.518342912197113,0.5131654143333435,0.5088915824890137,0.4680355191230774,0.5018757581710815,0.510317325592041,0.5101811289787292,0.42435210943222046,0.4629162847995758,0.4735272526741028,0.47539475560188293,0.38497722148895264,0.42104125022888184,0.44010138511657715,0.4483646750450134,0.8446682691574097,0.8113067150115967,0.7345086336135864,0.6648598313331604,0.6384820342063904,0.5722122192382812,0.4566391706466675,0.3830528259277344,0.3209986686706543,0.5689101815223694,0.5862610340118408,0.6726999282836914,0.7398918271064758,0.5894929766654968,0.6235448122024536,0.7083778381347656,0.7725577354431152,0.6217714548110962,0.6387258768081665,0.7035363912582397,0.7564690709114075,1
0.45577624440193176,0.5191783905029297,0.5702703595161438,0.5624721050262451,0.5175833106040955,0.5227163434028625,0.5186629891395569,0.5117707848548889,0.5070127248764038,0.4691758155822754,0.49536195397377014,0.5055625438690186,0.5077552795410156,0.42242270708084106,0.4557407796382904,0.46913546323776245,0.4725763201713562,0.3796497583389282,0.4102100431919098,0.4301154911518097,0.4389629662036896,0.8424856066703796,0.8089770674705505,0.7340213060379028,0.6672276854515076,0.6314030289649963,0.5717542171478271,0.4514540433883667,0.37472304701805115,0.3095608353614807,0.5695950388908386,0.5776373147964478,0.6676011681556702,0.7385689616203308,0.5873792171478271,0.6139217615127563,0.7042505145072937,0.7719489336013794,0.6165074706077576,0.6234764456748962,0.6893405318260193,0.7420992851257324,1
0.45963966846466064,0.5211403369903564,0.5707076191902161,0.5537155270576477,0.5030777454376221,0.52793288230896,0.5233972668647766,0.5165222883224487,0.5120009183883667,0.4751986861228943,0.48934656381607056,0.4976080358028412,0.5018593668937683,0.42789426445961,0.4470598101615906,0.4625844359397888,0.46886011958122253,0.38371542096138,0.40173912048339844,0.4239044785499573,0.43601998686790466,0.8341301083564758,0.8008284568786621,0.7248030304908752,0.654632568359375,0.6219009160995483,0.5654744505882263,0.4352281987667084,0.3561704754829407,0.28988590836524963,0.5735452771186829,0.5433652997016907,0.6312845349311829,0.7021928429603577,0.5957337617874146,0.5917636752128601,0.6861158013343811,0.7541815042495728,0.6279113292694092,0.6119099855422974,0.6800404787063599,0.7347704172134399,1
0.4539521038532257,0.5212703347206116,0.5744330883026123,0.5565522313117981,0.507975697517395,0.5410616993904114,0.5352392792701721,0.5269487500190735,0.5196418762207031,0.4838677644729614,0.49227872490882874,0.5050890445709229,0.5130105018615723,0.43179383873939514,0.44601455330848694,0.4629543721675873,0.4713967442512512,0.3831317722797394,0.3976145088672638,0.42003071308135986,0.43428850173950195,0.8393166065216064,0.8089906573295593,0.7339746952056885,0.6613225936889648,0.6231845617294312,0.5748084783554077,0.44025981426239014,0.35602498054504395,0.2866317331790924,0.5787306427955627,0.5456541776657104,0.6192434430122375,0.6817667484283447,0.5970696210861206,0.5892783403396606,0.6812897324562073,0.7503745555877686,0.6259661316871643,0.6080992817878723,0.6767236590385437,0.7334024310112,1
0.4590138792991638,0.526623010635376,0.5781319737434387,0.5553786754608154,0.5028671026229858,0.5483179688453674,0.5466938018798828,0.5410624742507935,0.5358397364616394,0.48996612429618835,0.49420320987701416,0.5055124759674072,0.5120840072631836,0.43666142225265503,0.4477335512638092,0.46771520376205444,0.4752788245677948,0.38613420724868774,0.3989071846008301,0.4222566485404968,0.43407636880874634,0.8501886129379272,0.8189423084259033,0.7382568717002869,0.6655312776565552,0.6266974210739136,0.5727407932281494,0.4371161460876465,0.35275378823280334,0.2822641432285309,0.5803875923156738,0.5322306156158447,0.6193634867668152,0.6885319948196411,0.6042694449424744,0.5870277881622314,0.6900098323822021,0.76072758436203,0.6394797563552856,0.6070781946182251,0.6803224682807922,0.7378934621810913,1
0.4500359892845154,0.5198309421539307,0.5757413506507874,0.5562669038772583,0.5008747577667236,0.5483062267303467,0.5571548938751221,0.5562222003936768,0.5539788007736206,0.4906976521015167,0.4983782470226288,0.5043736100196838,0.5083600282669067,0.437001496553421,0.44869816303253174,0.46271559596061707,0.468954861164093,0.385591596364975,0.39681679010391235,0.41670045256614685,0.42830657958984375,0.8755894899368286,0.8397920727729797,0.7607269287109375,0.6808261275291443,0.6453548073768616,0.590886652469635,0.4559587240219116,0.3698146343231201,0.29796960949897766,0.5966291427612305,0.54232257604599,0.628576934337616,0.7020671963691711,0.6185199618339539,0.5989574790000916,0.7010817527770996,0.7748796939849854,0.6519799828529358,0.618891179561615,0.6897310614585876,0.7495523691177368,1
0.4438498020172119,0.5133253931999207,0.5703226327896118,0.5554036498069763,0.5006096959114075,0.5492262244224548,0.5555583238601685,0.552008867263794,0.5479070544242859,0.48893073201179504,0.4972744286060333,0.5023366808891296,0.5054939985275269,0.43292883038520813,0.444301038980484,0.4581778347492218,0.4642565846443176,0.3800489902496338,0.3926231861114502,0.41373908519744873,0.42613816261291504,0.8798919916152954,0.8447927236557007,0.7646549940109253,0.6850860714912415,0.6437439918518066,0.5923022031784058,0.4540086090564728,0.3676444888114929,0.2940835654735565,0.5961834788322449,0.5512351989746094,0.6500668525695801,0.7290520071983337,0.6177980303764343,0.5980848073959351,0.7047040462493896,0.7804816961288452,0.6521768569946289,0.6180671453475952,0.6924431324005127,0.7537518739700317,1
0.4462190270423889,0.5159910321235657,0.5749552249908447,0.5576333999633789,0.501809298992157,0.5481752157211304,0.5562742948532104,0.5539535284042358,0.5506154894828796,0.48716792464256287,0.49516281485557556,0.502373218536377,0.5072576403617859,0.4307040572166443,0.44313791394233704,0.45855164527893066,0.46552371978759766,0.376958966255188,0.389362096786499,0.4112400710582733,0.4242439866065979,0.885662853717804,0.8457369804382324,0.764823853969574,0.683937668800354,0.6432058811187744,0.5964265465736389,0.45810943841934204,0.3701373338699341,0.29529133439064026,0.599185585975647,0.5512299537658691,0.6413437128067017,0.7155076861381531,0.6193349361419678,0.604993999004364,0.7096750140190125,0.7851511836051941,0.6521593332290649,0.6176804900169373,0.6912221908569336,0.7540490627288818,1
0.4430464208126068,0.5130205154418945,0.572771430015564,0.5561808347702026,0.4987178444862366,0.5454321503639221,0.5555201768875122,0.5521836280822754,0.5483120679855347,0.4856239855289459,0.4942988157272339,0.4993664026260376,0.5041189789772034,0.4296872317790985,0.44435998797416687,0.45825186371803284,0.46441203355789185,0.37648043036460876,0.39139828085899353,0.4117540121078491,0.42329323291778564,0.8837572932243347,0.8457762598991394,0.7654790878295898,0.6824700236320496,0.6414521932601929,0.5948085784912109,0.4532654583454132,0.36255815625190735,0.28608080744743347,0.5958763957023621,0.5470300912857056,0.6343716382980347,0.709255576133728,0.6142197847366333,0.6066371202468872,0.7090399265289307,0.7831436395645142,0.6454835534095764,0.6225237250328064,0.695101261138916,0.7548689842224121,1
0.44008946418762207,0.5139153003692627,0.5774098038673401,0.5606372952461243,0.5009382963180542,0.5419824719429016,0.5513945817947388,0.5511537194252014,0.5494504570960999,0.48144346475601196,0.49304601550102234,0.497916042804718,0.49963411688804626,0.4249386489391327,0.44044527411460876,0.45405349135398865,0.46028682589530945,0.36986690759658813,0.38581976294517517,0.40794453024864197,0.4220533072948456,0.9041659832000732,0.8645943403244019,0.7802308797836304,0.6954966187477112,0.6597961783409119,0.6129682660102844,0.4651675820350647,0.37154948711395264,0.292622834444046,0.6088588833808899,0.5834606289863586,0.688323974609375,0.7738812565803528,0.6220387816429138,0.615213930606842,0.7242090106010437,0.8078121542930603,0.6491532921791077,0.6264872550964355,0.7036263346672058,0.7702592015266418,1
0.43513667583465576,0.5121815800666809,0.5820344090461731,0.5722177028656006,0.5096678733825684,0.5342873930931091,0.5447355508804321,0.5448191165924072,0.5453266501426697,0.4746447503566742,0.4926486015319824,0.4960743486881256,0.4970455765724182,0.4187444746494293,0.43998461961746216,0.4523111581802368,0.4591056704521179,0.3650699555873871,0.38802823424339294,0.4095616042613983,0.42339521646499634,0.9163658618927002,0.877400279045105,0.7922651767730713,0.7074255347251892,0.6728224158287048,0.6070204973220825,0.46286290884017944,0.3686957359313965,0.28861963748931885,0.5969071388244629,0.6104724407196045,0.7254071235656738,0.813880980014801,0.6112946271896362,0.6351388096809387,0.7397525310516357,0.8196048736572266,0.6400373578071594,0.6449189186096191,0.7214813232421875,0.7842357158660889,1
0.42840471863746643,0.5089609622955322,0.573775053024292,0.5818508863449097,0.5305474996566772,0.4905567467212677,0.5015275478363037,0.5026469826698303,0.5034871101379395,0.4340861737728119,0.4987209141254425,0.5170614123344421,0.5172494053840637,0.38696783781051636,0.46002647280693054,0.47950348258018494,0.4833589196205139,0.34630391001701355,0.41099226474761963,0.4354963004589081,0.4432142972946167,0.940021276473999,0.8803400993347168,0.7868325710296631,0.6957220435142517,0.66426020860672,0.5878883004188538,0.46205955743789673,0.36938929557800293,0.28978389501571655,0.5846728086471558,0.5845621228218079,0.6885455250740051,0.7751516103744507,0.6051146388053894,0.62752765417099,0.7349262833595276,0.820392370223999,0.6430139541625977,0.651338517665863,0.7286830544471741,0.7948492765426636,1
0.4243066608905792,0.5073007345199585,0.5706408023834229,0.5866774916648865,0.53972327709198,0.47034621238708496,0.47657155990600586,0.4742286503314972,0.47327110171318054,0.41717666387557983,0.5089699029922485,0.5320077538490295,0.5322543978691101,0.37457847595214844,0.4767026901245117,0.49717020988464355,0.4994000792503357,0.34090399742126465,0.4237954318523407,0.4517529606819153,0.45996761322021484,0.9508144855499268,0.88043612241745,0.786389946937561,0.69806307554245,0.6661682724952698,0.5797696113586426,0.45906198024749756,0.3670085072517395,0.28979048132896423,0.5841852426528931,0.563720166683197,0.6627580523490906,0.7443674802780151,0.6146186590194702,0.6295677423477173,0.7390369176864624,0.8235078454017639,0.6634084582328796,0.6665180921554565,0.7443508505821228,0.8140777349472046,1
0.4292007386684418,0.5125923156738281,0.5737298130989075,0.5932315587997437,0.5569585561752319,0.4715697765350342,0.4720079004764557,0.4672658145427704,0.46195316314697266,0.41550469398498535,0.5209370851516724,0.5500989556312561,0.5477018356323242,0.3750559091567993,0.4925999939441681,0.5147268176078796,0.5125311017036438,0.3488692045211792,0.4453231990337372,0.4745968282222748,0.4804641306400299,0.9729653596878052,0.8995529413223267,0.7988460659980774,0.7173354029655457,0.6886680722236633,0.5915319919586182,0.45921385288238525,0.3667680323123932,0.2895686626434326,0.6019927263259888,0.5746644735336304,0.6640356779098511,0.7407150864601135,0.6423883438110352,0.6549208164215088,0.7604531049728394,0.8355597853660583,0.7012076377868652,0.7035443782806396,0.7785098552703857,0.8403781652450562,1
0.42681312561035156,0.5121331214904785,0.5696864724159241,0.5940645933151245,0.5706398487091064,0.47254472970962524,0.4768140912055969,0.4721892774105072,0.46569910645484924,0.41756078600883484,0.5323824286460876,0.558217465877533,0.5517561435699463,0.37986624240875244,0.5044378638267517,0.524379312992096,0.5202333927154541,0.3575079143047333,0.4581734836101532,0.4893396496772766,0.49872249364852905,0.9811211824417114,0.9026069641113281,0.8008176684379578,0.7216445207595825,0.6773316860198975,0.5893891453742981,0.4613107442855835,0.369796484708786,0.2945600748062134,0.5978361964225769,0.5783103704452515,0.6789470314979553,0.7597498297691345,0.6376911401748657,0.6531253457069397,0.7616689801216125,0.8367840051651001,0.6970458626747131,0.7049463987350464,0.7802754640579224,0.8406537771224976,1
0.4186760187149048,0.5208272933959961,0.5668081045150757,0.6041989326477051,0.6319683194160461,0.44511184096336365,0.4613954722881317,0.46754390001296997,0.46771037578582764,0.4040836691856384,0.541799783706665,0.5726512670516968,0.5629171133041382,0.38668256998062134,0.5305134057998657,0.5482038855552673,0.5372450947761536,0.3862263262271881,0.49910640716552734,0.5241991877555847,0.5245176553726196,0.9911479353904724,0.8833171129226685,0.7681701183319092,0.6757934093475342,0.5916153192520142,0.5954196453094482,0.4722728729248047,0.37647801637649536,0.3016335666179657,0.610063910484314,0.5856506824493408,0.6891151666641235,0.7648866176605225,0.6541906595230103,0.6584285497665405,0.7632675170898438,0.8327624797821045,0.7150510549545288,0.7225300669670105,0.7958350777626038,0.849177360534668,1
0.4246511459350586,0.5203083157539368,0.5614246129989624,0.5985059142112732,0.6286070346832275,0.4402247369289398,0.452334463596344,0.45899733901023865,0.4620875120162964,0.40144646167755127,0.5444755554199219,0.5758537650108337,0.5670449733734131,0.3892550468444824,0.5375953912734985,0.5550063848495483,0.542966365814209,0.39443618059158325,0.5117515921592712,0.533963680267334,0.5313050150871277,0.9896776676177979,0.8803815841674805,0.767451286315918,0.6813488006591797,0.603590726852417,0.6026005148887634,0.4726119935512543,0.3753129541873932,0.2997475862503052,0.6189755797386169,0.5982911586761475,0.7035220861434937,0.7778826951980591,0.6643272042274475,0.6662635803222656,0.7651486992835999,0.8291095495223999,0.7232396602630615,0.7306013107299805,0.8023701310157776,0.8513339757919312,1
0.42730918526649475,0.5201922059059143,0.5598862171173096,0.6005004048347473,0.6354823112487793,0.4293263256549835,0.44455578923225403,0.45078983902931213,0.45374828577041626,0.39616072177886963,0.5457192659378052,0.5800448656082153,0.5710371136665344,0.3918597400188446,0.5455604791641235,0.5668623447418213,0.5543084144592285,0.4070093333721161,0.5286241769790649,0.5524342060089111,0.5480073690414429,0.9846746921539307,0.8607395887374878,0.7381618022918701,0.6468883156776428,0.5562530755996704,0.5960664749145508,0.47277575731277466,0.37828725576400757,0.3062775433063507,0.6166790723800659,0.578101634979248,0.67628413438797,0.7446195483207703,0.6634164452552795,0.6516822576522827,0.7464146614074707,0.8032935857772827,0.7219154238700867,0.7183195352554321,0.7861396074295044,0.829108715057373,1
0.3935399651527405,0.4208417534828186,0.4537219703197479,0.5131847262382507,0.5703060626983643,0.3814636766910553,0.40596064925193787,0.4149291515350342,0.42203041911125183,0.3798788785934448,0.5262992978096008,0.5456584692001343,0.5275087356567383,0.4035945236682892,0.5494388937950134,0.5515071153640747,0.5299735069274902,0.4420102536678314,0.5570271611213684,0.5600983500480652,0.5453634262084961,0.9614496827125549,0.8324387073516846,0.7091211080551147,0.6353318095207214,0.5840433835983276,0.6030083298683167,0.4574117064476013,0.36325591802597046,0.2905668020248413,0.6198869347572327,0.5813032388687134,0.662671685218811,0.7202134728431702,0.663612425327301,0.651617169380188,0.732439398765564,0.7773741483688354,0.7151806950569153,0.7120923399925232,0.7768825888633728,0.8145458698272705,1
0.3941274881362915,0.3873688578605652,0.4022156596183777,0.445321649312973,0.48915788531303406,0.36852502822875977,0.39186766743659973,0.40249431133270264,0.41211360692977905,0.3748708963394165,0.5212746858596802,0.5402830839157104,0.5241761803627014,0.4050515592098236,0.5467153787612915,0.5486782193183899,0.5299222469329834,0.44714632630348206,0.5589430332183838,0.5590226650238037,0.5429220795631409,0.9633762240409851,0.8288667798042297,0.7045984268188477,0.6278040409088135,0.5802386999130249,0.6045688390731812,0.4499014914035797,0.3524630069732666,0.27873486280441284,0.6181265115737915,0.5700045824050903,0.6530167460441589,0.714759349822998,0.6601002216339111,0.6429214477539062,0.7265049815177917,0.7753762602806091,0.7121323943138123,0.7063106894493103,0.7726758122444153,0.8131117820739746,1
0.381186842918396,0.37065252661705017,0.38256025314331055,0.42049849033355713,0.46379274129867554,0.35450470447540283,0.383562833070755,0.3969646096229553,0.40813031792640686,0.37140387296676636,0.515705406665802,0.53757643699646,0.5213993191719055,0.4085114300251007,0.5425302982330322,0.5462296605110168,0.5261144638061523,0.45415833592414856,0.5578891634941101,0.5596440434455872,0.5429714322090149,0.9586805701255798,0.8230139017105103,0.6856236457824707,0.5976161956787109,0.5401210784912109,0.6009272336959839,0.4427361786365509,0.3464720845222473,0.27287134528160095,0.6194856762886047,0.5603291392326355,0.6385256052017212,0.6981917023658752,0.662510097026825,0.639120876789093,0.7163739204406738,0.7598471641540527,0.7147542238235474,0.7014988660812378,0.7651481628417969,0.8032978773117065,1
0.38399621844291687,0.3742542564868927,0.38878390192985535,0.42483848333358765,0.4634413719177246,0.3524915874004364,0.38001376390457153,0.39343440532684326,0.40506166219711304,0.371432900428772,0.515060305595398,0.5370640754699707,0.5211951732635498,0.4093145728111267,0.5423277616500854,0.5444117784500122,0.5223842859268188,0.4544770419597626,0.5575883984565735,0.5588459968566895,0.5401983261108398,0.959251880645752,0.822993814945221,0.6755423545837402,0.5734405517578125,0.49817079305648804,0.5956136584281921,0.4416506290435791,0.3456488251686096,0.2721893787384033,0.6191112399101257,0.5554069876670837,0.6260102391242981,0.6799725294113159,0.6662150621414185,0.6387388110160828,0.711707592010498,0.7510104179382324,0.7208016514778137,0.7011088728904724,0.7602887153625488,0.7939785718917847,1
0.37190377712249756,0.35687536001205444,0.3765244483947754,0.4264773726463318,0.4824497103691101,0.3381994068622589,0.37134355306625366,0.38627752661705017,0.39805248379707336,0.36281856894493103,0.5083963871002197,0.5355405211448669,0.5224295854568481,0.40551742911338806,0.5389302372932434,0.538018524646759,0.5105856657028198,0.4540966749191284,0.5520013570785522,0.546040415763855,0.5196217894554138,0.9534214735031128,0.8114298582077026,0.6572558283805847,0.5490971803665161,0.4758973717689514,0.5862512588500977,0.43084853887557983,0.33504223823547363,0.26077693700790405,0.6110664010047913,0.540198802947998,0.60360187292099,0.6496357917785645,0.6601935625076294,0.6272457242012024,0.6951154470443726,0.7315248250961304,0.7175294756889343,0.6953714489936829,0.7507144212722778,0.7803946733474731,1
0.36885157227516174,0.3522394597530365,0.3709544241428375,0.4223553538322449,0.48214706778526306,0.33605098724365234,0.37232938408851624,0.3878166079521179,0.39731135964393616,0.368137389421463,0.5068178176879883,0.5276029109954834,0.5074092149734497,0.41645216941833496,0.5392446517944336,0.5365853905677795,0.506852924823761,0.4678618311882019,0.5537468194961548,0.5500679016113281,0.5284813046455383,0.9490796327590942,0.8073969483375549,0.6587525010108948,0.5626450777053833,0.503300666809082,0.5837143063545227,0.427168607711792,0.32946640253067017,0.2541644275188446,0.612248957157135,0.5401365756988525,0.6006138324737549,0.6454305648803711,0.6653991937637329,0.617132306098938,0.6762278079986572,0.7118821144104004,0.7254800796508789,0.6853176951408386,0.7255294322967529,0.7502914667129517,1
0.37047460675239563,0.34761226177215576,0.36333245038986206,0.4139646887779236,0.4719371795654297,0.3372201919555664,0.37507519125938416,0.39340248703956604,0.4043087959289551,0.3814956843852997,0.5057574510574341,0.5295876264572144,0.5156162977218628,0.43833398818969727,0.5397933721542358,0.5420259237289429,0.5180805325508118,0.4967305660247803,0.5608591437339783,0.5627206563949585,0.548649787902832,0.9503345489501953,0.798042893409729,0.6543346047401428,0.563637375831604,0.5077196359634399,0.5844812989234924,0.4202287495136261,0.32284221053123474,0.2478974461555481,0.6108768582344055,0.5207325220108032,0.5700116157531738,0.610883891582489,0.6612113118171692,0.5915333032608032,0.640301525592804,0.6773679256439209,0.7161372900009155,0.6457523703575134,0.6682271957397461,0.6898210048675537,1
0.3766075074672699,0.35015034675598145,0.3668542802333832,0.4174393117427826,0.47582733631134033,0.34688621759414673,0.3756744861602783,0.39260533452033997,0.4053286015987396,0.3977214992046356,0.5069113969802856,0.5205797553062439,0.5028920769691467,0.4572429358959198,0.5493633151054382,0.5488789677619934,0.5249778032302856,0.517328143119812,0.5744560956954956,0.6023038029670715,0.6173520684242249,0.9597172737121582,0.8064762353897095,0.658571183681488,0.5608344078063965,0.500278115272522,0.6002222299575806,0.42949098348617554,0.3276730477809906,0.2482624650001526,0.626187801361084,0.5256354212760925,0.58164381980896,0.6316165924072266,0.6717847585678101,0.5918682217597961,0.6420496106147766,0.6813027858734131,0.7228989005088806,0.6225160956382751,0.5834611654281616,0.5521457195281982,1
0.3807442784309387,0.3476373851299286,0.36213135719299316,0.4163458049297333,0.48327094316482544,0.3469546139240265,0.3722638487815857,0.3896282911300659,0.40376344323158264,0.4038923978805542,0.49716997146606445,0.5073596239089966,0.49040505290031433,0.4678785502910614,0.5463851094245911,0.5448625087738037,0.522080659866333,0.5300196409225464,0.5788741111755371,0.6077316999435425,0.6270642876625061,0.9631882905960083,0.8136569857597351,0.6743046641349792,0.5929147005081177,0.5565930604934692,0.6097419261932373,0.43962979316711426,0.3375989496707916,0.2570927143096924,0.6289411783218384,0.5365155935287476,0.5952038168907166,0.6478657126426697,0.6709734797477722,0.5903259515762329,0.6441114544868469,0.6866706013679504,0.7208136916160583,0.6151856780052185,0.5671599507331848,0.5285585522651672,1
0.3859230577945709,0.345492422580719,0.358559250831604,0.4151420295238495,0.4808542728424072,0.35645791888237,0.38135772943496704,0.4035513401031494,0.42311060428619385,0.4223804473876953,0.49893301725387573,0.4993033707141876,0.47929447889328003,0.4887649416923523,0.54557204246521,0.5384229421615601,0.5155149698257446,0.5478891134262085,0.5763691663742065,0.5768108367919922,0.5674525499343872,0.9634250402450562,0.8229165077209473,0.6972866058349609,0.6309685707092285,0.6051590442657471,0.6160953640937805,0.44578859210014343,0.34485000371932983,0.2674223780632019,0.6267286539077759,0.56266850233078,0.6147305369377136,0.6624619960784912,0.6625877022743225,0.6134793162345886,0.6567022204399109,0.695173442363739,0.7028683423995972,0.6453529000282288,0.654858410358429,0.66758793592453,1
0.39267170429229736,0.34168124198913574,0.33847561478614807,0.378237783908844,0.43344536423683167,0.35466283559799194,0.38255250453948975,0.40381455421447754,0.4207649230957031,0.42242759466171265,0.49068453907966614,0.48571255803108215,0.46214795112609863,0.48904693126678467,0.5320078134536743,0.5209163427352905,0.49689456820487976,0.5438084602355957,0.560503363609314,0.5462271571159363,0.5267924070358276,0.9658397436141968,0.8338316082954407,0.7093218564987183,0.6328268051147461,0.6014658212661743,0.6252875328063965,0.44901737570762634,0.3452441990375519,0.26729023456573486,0.6338093876838684,0.5624503493309021,0.6138114929199219,0.6643887162208557,0.6686989665031433,0.6193933486938477,0.6619496941566467,0.7069114446640015,0.7100452780723572,0.6817891597747803,0.7210139036178589,0.7588863968849182,1
0.4059266746044159,0.34652844071388245,0.33779576420783997,0.37702828645706177,0.42853087186813354,0.3674725294113159,0.38959765434265137,0.4056311547756195,0.42160797119140625,0.4384598731994629,0.4983516335487366,0.48783743381500244,0.46854808926582336,0.5034874081611633,0.5353813171386719,0.5196795463562012,0.4992372989654541,0.5551246404647827,0.5615110993385315,0.5449394583702087,0.5264661908149719,0.9709562063217163,0.8437118530273438,0.719260573387146,0.644981861114502,0.6170262694358826,0.619665265083313,0.43854665756225586,0.3380545377731323,0.26320141553878784,0.6232682466506958,0.5586999654769897,0.6124250888824463,0.6643729209899902,0.6610708832740784,0.6226411461830139,0.6627930998802185,0.7075198292732239,0.7039603590965271,0.6813231110572815,0.7168582677841187,0.753184974193573,1
0.4143780469894409,0.35261085629463196,0.3358727991580963,0.36735543608665466,0.4163748323917389,0.3680570721626282,0.38823944330215454,0.40360361337661743,0.4184592664241791,0.4396592676639557,0.49190017580986023,0.4782526195049286,0.45612311363220215,0.5055357217788696,0.5330560207366943,0.5180140733718872,0.4975011348724365,0.557781457901001,0.565678596496582,0.5495341420173645,0.5311270356178284,0.9764400720596313,0.858130156993866,0.7341622710227966,0.6566243767738342,0.6237605810165405,0.6246747970581055,0.44807207584381104,0.346011757850647,0.27063092589378357,0.6249410510063171,0.5728564262390137,0.6287064552307129,0.6848149299621582,0.6576685309410095,0.6303467750549316,0.6714776158332825,0.7195014357566833,0.697037935256958,0.6814687252044678,0.7170668244361877,0.7561619877815247,1
0.42165639996528625,0.3578965365886688,0.3407890498638153,0.3784887194633484,0.43527668714523315,0.3688502311706543,0.3859879672527313,0.40131062269210815,0.41843780875205994,0.442755788564682,0.5068352222442627,0.49965640902519226,0.4810571074485779,0.5101224184036255,0.5536918640136719,0.5430735349655151,0.5246999859809875,0.5663865804672241,0.5966596007347107,0.606230616569519,0.6080308556556702,0.9789999127388,0.8607274293899536,0.7370861768722534,0.6628091335296631,0.638176441192627,0.6142143607139587,0.44375288486480713,0.34021836519241333,0.262300968170166,0.6148041486740112,0.552457332611084,0.6137323975563049,0.6726383566856384,0.6503539681434631,0.6041393280029297,0.6540337204933167,0.7020466327667236,0.6928957104682922,0.6136488914489746,0.5913893580436707,0.5806093215942383,1
0.42683523893356323,0.35996827483177185,0.34387272596359253,0.37904828786849976,0.43130403757095337,0.3692779839038849,0.38728782534599304,0.4021114110946655,0.41695141792297363,0.44133758544921875,0.4979047477245331,0.4856841564178467,0.4656663239002228,0.5080023407936096,0.5437370538711548,0.5284596681594849,0.5086033940315247,0.5610803365707397,0.5763403177261353,0.562528133392334,0.5455101728439331,0.9736837148666382,0.8530742526054382,0.725049614906311,0.6474161148071289,0.6184707880020142,0.6212562322616577,0.4405718445777893,0.33810609579086304,0.2622954845428467,0.6228667497634888,0.5551780462265015,0.6126493215560913,0.6701059341430664,0.6579252481460571,0.6056193113327026,0.6479736566543579,0.6971722841262817,0.6993863582611084,0.6559085249900818,0.6823657155036926,0.7165528535842896,1
0.4409121870994568,0.36740949749946594,0.34674960374832153,0.3654434084892273,0.3938470780849457,0.37820446491241455,0.3966575264930725,0.4103825092315674,0.4236032962799072,0.4521106481552124,0.48380523920059204,0.46223515272140503,0.44021573662757874,0.5198161005973816,0.5262891054153442,0.5079862475395203,0.4913942515850067,0.5722728967666626,0.5645639300346375,0.5463293790817261,0.5319331288337708,0.9792700409889221,0.863447904586792,0.7212860584259033,0.6086406111717224,0.5444263815879822,0.6350918412208557,0.4478626549243927,0.34295082092285156,0.26445937156677246,0.6334049701690674,0.5721986889839172,0.6318528056144714,0.6858938932418823,0.6663694977760315,0.6223087310791016,0.6713823676109314,0.7228564023971558,0.7062531113624573,0.6732594966888428,0.71583092212677,0.7627212405204773,1
0.45691463351249695,0.37080299854278564,0.34070685505867004,0.37230414152145386,0.41779032349586487,0.398855060338974,0.4106261134147644,0.42367488145828247,0.4354795515537262,0.48127123713493347,0.45898985862731934,0.42969170212745667,0.4189172685146332,0.5421280264854431,0.5026788711547852,0.48163503408432007,0.4758770167827606,0.583577036857605,0.5496318340301514,0.5295946598052979,0.5225119590759277,0.9773811101913452,0.8666514158248901,0.7288979291915894,0.6398410201072693,0.6066970229148865,0.6283831596374512,0.45142263174057007,0.34701716899871826,0.2695079743862152,0.6295065879821777,0.577686607837677,0.6294347047805786,0.6808603405952454,0.6660401225090027,0.6362457275390625,0.6792922019958496,0.7315267324447632,0.7107024192810059,0.6788495182991028,0.7113653421401978,0.7585197687149048,1
0.47559264302253723,0.3763740062713623,0.333895742893219,0.37294697761535645,0.426965594291687,0.42122891545295715,0.4313710927963257,0.44391271471977234,0.4525826871395111,0.5054441094398499,0.4689061641693115,0.4426185190677643,0.43930327892303467,0.5617140531539917,0.5166164040565491,0.4933352470397949,0.48815083503723145,0.5964357852935791,0.5623483061790466,0.54038405418396,0.5338923931121826,0.977326512336731,0.8714797496795654,0.734222948551178,0.6439425349235535,0.6195897459983826,0.6321715116500854,0.4572431445121765,0.35112977027893066,0.2718784809112549,0.6307135224342346,0.5856139063835144,0.6336954236030579,0.6839350461959839,0.6655325293540955,0.6366096138954163,0.6702775359153748,0.7216067314147949,0.7089376449584961,0.680501401424408,0.7090263962745667,0.7545329332351685,1
0.4796166718006134,0.37676677107810974,0.3316938877105713,0.3705003559589386,0.4251694083213806,0.42214104533195496,0.4284372925758362,0.43746355175971985,0.4431246817111969,0.5066765546798706,0.4590856730937958,0.4318026602268219,0.4297792315483093,0.5616886019706726,0.5053660273551941,0.4837421178817749,0.48137393593788147,0.5947932600975037,0.5523229241371155,0.5322975516319275,0.5287345051765442,0.9624064564704895,0.8641399145126343,0.723842203617096,0.6325294375419617,0.6140044331550598,0.6150820851325989,0.44560492038726807,0.3435112237930298,0.267250120639801,0.6113513708114624,0.5827945470809937,0.6328504681587219,0.6809693574905396,0.6460906267166138,0.6303459405899048,0.6668316125869751,0.7151638865470886,0.6885979175567627,0.6660034656524658,0.696803092956543,0.7411355376243591,1
0.48754528164863586,0.38111191987991333,0.333234578371048,0.3676760792732239,0.41447582840919495,0.4281744062900543,0.425606369972229,0.42747849225997925,0.43189314007759094,0.5105092525482178,0.46682000160217285,0.43208497762680054,0.4288948178291321,0.5632299780845642,0.5170497298240662,0.486344575881958,0.48065921664237976,0.5961166620254517,0.5674655437469482,0.544174075126648,0.5378371477127075,0.9471557140350342,0.8445119857788086,0.6996503472328186,0.5905658602714539,0.5511199235916138,0.5866710543632507,0.4175229072570801,0.3276294469833374,0.25404974818229675,0.5871898531913757,0.5146690011024475,0.5708020329475403,0.6311897039413452,0.6217765212059021,0.570054292678833,0.6109768152236938,0.6681562662124634,0.6598725318908691,0.6096694469451904,0.6376703381538391,0.6869345307350159,1
0.48832082748413086,0.38611117005348206,0.33768683671951294,0.3676757216453552,0.41843023896217346,0.4316115379333496,0.43004173040390015,0.4293687045574188,0.4316396713256836,0.5130170583724976,0.46876272559165955,0.43838194012641907,0.4394308626651764,0.5657410025596619,0.5222302079200745,0.49526646733283997,0.4912828803062439,0.5987212657928467,0.5933195948600769,0.5870891809463501,0.5893452167510986,0.945517361164093,0.8384116291999817,0.7048956751823425,0.6123033761978149,0.5874021649360657,0.5715823769569397,0.41494399309158325,0.3255525231361389,0.2543473243713379,0.5747559070587158,0.525260865688324,0.5784565806388855,0.6341602206230164,0.6155561804771423,0.5812844038009644,0.6184247732162476,0.6713048815727234,0.6607965230941772,0.6103289723396301,0.6082910895347595,0.6282056570053101,1
0.49256324768066406,0.38907551765441895,0.3452492654323578,0.3754425644874573,0.4216771423816681,0.4363585412502289,0.43184804916381836,0.42797577381134033,0.42898327112197876,0.5212046504020691,0.47507959604263306,0.439769446849823,0.4398573935031891,0.5752180814743042,0.5293548703193665,0.4958687424659729,0.49042773246765137,0.6073225736618042,0.6243207454681396,0.6276646852493286,0.6345375776290894,0.9668014645576477,0.8592026233673096,0.71860671043396,0.628908097743988,0.5927411317825317,0.5820010900497437,0.4239061772823334,0.3392121195793152,0.2676708400249481,0.586111843585968,0.520267903804779,0.5790685415267944,0.6397966742515564,0.6260169744491577,0.5785619020462036,0.62369304895401,0.6792505979537964,0.6723871827125549,0.5904754996299744,0.5500608086585999,0.5322974920272827,1
0.5016644597053528,0.3923351466655731,0.3486974835395813,0.38218557834625244,0.43122872710227966,0.4334525465965271,0.42784592509269714,0.42449015378952026,0.42739811539649963,0.5194578766822815,0.4817640781402588,0.44478970766067505,0.4388241171836853,0.5752041935920715,0.5376219749450684,0.5030805468559265,0.4940149784088135,0.6119815707206726,0.6215449571609497,0.619318962097168,0.6200109720230103,0.9745985269546509,0.8648964166641235,0.7225676774978638,0.6359816789627075,0.6043692827224731,0.5841227173805237,0.4193519651889801,0.33800315856933594,0.2683239281177521,0.5916997194290161,0.4943017363548279,0.5429818630218506,0.6021320223808289,0.6334693431854248,0.5670719146728516,0.6096153855323792,0.6641097664833069,0.6773114800453186,0.5819286108016968,0.5393853187561035,0.5168063044548035,1
0.5238921642303467,0.40701180696487427,0.3555387258529663,0.38659465312957764,0.4249202609062195,0.4536570906639099,0.4346325695514679,0.42707836627960205,0.4227953553199768,0.5353339910507202,0.5100361704826355,0.4665638208389282,0.4385755956172943,0.5968306064605713,0.5844914317131042,0.5537920594215393,0.5367452502250671,0.6335537433624268,0.6075906753540039,0.5742359161376953,0.5552615523338318,0.9962512254714966,0.9025987386703491,0.7576289772987366,0.6610217690467834,0.6248365640640259,0.5947996377944946,0.42633652687072754,0.3489926755428314,0.28336843848228455,0.5951178669929504,0.4620009660720825,0.4478383958339691,0.46070533990859985,0.6398680210113525,0.5594471096992493,0.5689277648925781,0.6029043197631836,0.6925496459007263,0.6561065912246704,0.6785053014755249,0.7208365797996521,1
0.5358906984329224,0.40588200092315674,0.3522873520851135,0.3870648145675659,0.43938887119293213,0.46474316716194153,0.44192999601364136,0.43053877353668213,0.4248725473880768,0.5606406331062317,0.5031878352165222,0.45259562134742737,0.43202221393585205,0.6238197088241577,0.5683610439300537,0.524837851524353,0.5090882182121277,0.6632272601127625,0.6118758320808411,0.575187087059021,0.558550238609314,1.048370361328125,0.9470911622047424,0.7866506576538086,0.6764904856681824,0.638771653175354,0.6180755496025085,0.42975467443466187,0.341632217168808,0.26890313625335693,0.6269338726997375,0.5077983736991882,0.5395336151123047,0.5928424000740051,0.6782244443893433,0.6114432215690613,0.6471171975135803,0.6992735862731934,0.7321214079856873,0.690220057964325,0.7227815389633179,0.7752254605293274,1
0.5335389375686646,0.4076681435108185,0.36011552810668945,0.3939421474933624,0.42859891057014465,0.4724983870983124,0.447775274515152,0.4359942078590393,0.43140456080436707,0.5671542286872864,0.5172597169876099,0.46928852796554565,0.44657111167907715,0.6300696134567261,0.5792737603187561,0.5334888696670532,0.5156015157699585,0.6727032661437988,0.6257842779159546,0.5861707329750061,0.570064902305603,1.0682084560394287,0.953905463218689,0.7968019247055054,0.6824835538864136,0.6244226694107056,0.6259378790855408,0.42797136306762695,0.33434709906578064,0.25754889845848083,0.6380066275596619,0.47832465171813965,0.4798644781112671,0.5184273719787598,0.6925545930862427,0.6054953932762146,0.63962721824646,0.6974008679389954,0.7463204860687256,0.6979000568389893,0.7315338850021362,0.7848039269447327,1
0.5343705415725708,0.40991702675819397,0.36039435863494873,0.3974674940109253,0.4605760872364044,0.4762147068977356,0.46428728103637695,0.4551446735858917,0.4498041868209839,0.5839640498161316,0.5348554849624634,0.4960598945617676,0.48139017820358276,0.6578912734985352,0.5973145961761475,0.5605923533439636,0.5490590333938599,0.7083246111869812,0.6632488965988159,0.6264167428016663,0.6110367178916931,1.0707967281341553,0.9461638927459717,0.7802010774612427,0.6413015723228455,0.5882802605628967,0.6153200268745422,0.4001699686050415,0.29307401180267334,0.20163732767105103,0.6214603185653687,0.4927372932434082,0.5369577407836914,0.6031745672225952,0.6724850535392761,0.6024500131607056,0.6473314166069031,0.7099657654762268,0.722420334815979,0.6673938632011414,0.698370099067688,0.7521278262138367,1
0.5424219369888306,0.4145529866218567,0.3626798391342163,0.39339160919189453,0.46048611402511597,0.46827754378318787,0.4637923240661621,0.45688238739967346,0.453551709651947,0.5787333250045776,0.5341870784759521,0.5000301599502563,0.4923233687877655,0.6602831482887268,0.6036579012870789,0.5734778642654419,0.5644129514694214,0.7148784399032593,0.6677901744842529,0.639092206954956,0.6279256343841553,1.0368424654006958,0.9075844883918762,0.7333211898803711,0.6064621806144714,0.5747562646865845,0.5554095506668091,0.35736632347106934,0.24828997254371643,0.16196966171264648,0.5567732453346252,0.4893673062324524,0.5494235157966614,0.614031195640564,0.6094826459884644,0.5734619498252869,0.6207368969917297,0.6838007569313049,0.6698098182678223,0.643298864364624,0.6809366345405579,0.7372791171073914,1
0.5261805653572083,0.39912149310112,0.3482566475868225,0.37663817405700684,0.4496215879917145,0.4606170058250427,0.4530388116836548,0.4478706419467926,0.44748151302337646,0.5738663077354431,0.5253650546073914,0.4916750192642212,0.4834696054458618,0.6569368839263916,0.5955861210823059,0.5693984627723694,0.5635688304901123,0.713350236415863,0.6652341485023499,0.6414710879325867,0.6343012452125549,1.0120257139205933,0.874085545539856,0.6944776773452759,0.5613468289375305,0.5223332047462463,0.4948679208755493,0.3020739257335663,0.1972379982471466,0.11076027154922485,0.5060150623321533,0.4583585858345032,0.518785297870636,0.5863624811172485,0.5739778876304626,0.5489823222160339,0.6021367907524109,0.6638916730880737,0.6472248435020447,0.6212933659553528,0.6630854606628418,0.7217405438423157,1
0.5176873803138733,0.3944288492202759,0.34097376465797424,0.36923766136169434,0.44859546422958374,0.45527684688568115,0.45269349217414856,0.4480750262737274,0.44702497124671936,0.5699084997177124,0.5286011695861816,0.4994264245033264,0.492849737405777,0.6535871624946594,0.5976337790489197,0.5731292963027954,0.5670664310455322,0.7099013924598694,0.6672555804252625,0.6413743495941162,0.6314859986305237,1.0017462968826294,0.8634176254272461,0.687393844127655,0.553151547908783,0.5158674120903015,0.4860863983631134,0.2925998270511627,0.1826331913471222,0.09503132104873657,0.49430423974990845,0.46569156646728516,0.5304105877876282,0.6015974283218384,0.5621168613433838,0.5622320175170898,0.6154627203941345,0.6783915758132935,0.6376276016235352,0.6273934245109558,0.6708663105964661,0.7292119264602661,1
0.5105797052383423,0.3867163360118866,0.33656853437423706,0.3491663634777069,0.4118324816226959,0.44778451323509216,0.44033753871917725,0.4317738711833954,0.42713844776153564,0.5578233003616333,0.5126064419746399,0.47340109944343567,0.45546308159828186,0.640387773513794,0.5826717615127563,0.55283522605896,0.5457300543785095,0.6974955201148987,0.6585005521774292,0.6294107437133789,0.6181828379631042,1.015397310256958,0.8539202213287354,0.6676605343818665,0.5234000086784363,0.4626612067222595,0.47848615050315857,0.27201563119888306,0.1712709367275238,0.07969081401824951,0.4949771761894226,0.4213692545890808,0.4858962893486023,0.5571182370185852,0.5667615532875061,0.525177538394928,0.5896469950675964,0.6527802348136902,0.6339668035507202,0.5973283052444458,0.6452131271362305,0.7081041932106018,1
0.5084013938903809,0.38943561911582947,0.33455556631088257,0.3465140759944916,0.40496718883514404,0.4446157217025757,0.4351672828197479,0.42821305990219116,0.42388924956321716,0.5513070225715637,0.5190638303756714,0.48996368050575256,0.47457873821258545,0.6360681653022766,0.5818709135055542,0.5591694116592407,0.5486893653869629,0.69344162940979,0.6527726650238037,0.6282029151916504,0.6151443123817444,0.99964439868927,0.8428360819816589,0.6634148359298706,0.5188133716583252,0.4626312255859375,0.4780290722846985,0.2761824131011963,0.17028206586837769,0.08223557472229004,0.4827022850513458,0.4259825348854065,0.49036070704460144,0.5559454560279846,0.5444434881210327,0.5308230519294739,0.5875846743583679,0.6472564339637756,0.6124508380889893,0.5983445048332214,0.6427823305130005,0.698198139667511,1
0.49980488419532776,0.39468806982040405,0.34485021233558655,0.3590701222419739,0.41862791776657104,0.43864211440086365,0.43200618028640747,0.43002232909202576,0.42650556564331055,0.5343352556228638,0.5097272396087646,0.4823242723941803,0.46456071734428406,0.6147774457931519,0.5704910159111023,0.5519070029258728,0.5427492260932922,0.6734967231750488,0.6395951509475708,0.6191558241844177,0.6094962954521179,0.9758670330047607,0.8206251859664917,0.6507755517959595,0.5172998905181885,0.4652175307273865,0.48315587639808655,0.2926718294620514,0.19157272577285767,0.10985994338989258,0.48636406660079956,0.4299030900001526,0.4902884364128113,0.5507464408874512,0.5396128296852112,0.5249568819999695,0.580146074295044,0.6393189430236816,0.6031547784805298,0.5791670083999634,0.6245786547660828,0.6810756325721741,1
0.4989258944988251,0.39403876662254333,0.34418559074401855,0.35405945777893066,0.40815702080726624,0.4353783428668976,0.4293171167373657,0.4252738058567047,0.421583354473114,0.5294126272201538,0.5115818977355957,0.4925016462802887,0.4784339666366577,0.6077770590782166,0.5670537352561951,0.5515984296798706,0.5417624115943909,0.6636725664138794,0.6303074359893799,0.6125595569610596,0.6010977625846863,0.9595175981521606,0.8096481561660767,0.6449998021125793,0.5109530091285706,0.45092129707336426,0.47341853380203247,0.29423168301582336,0.19869357347488403,0.12058365345001221,0.4727407693862915,0.4342004656791687,0.4967209994792938,0.5550196170806885,0.5243788957595825,0.5242359042167664,0.5772390365600586,0.6325070858001709,0.5860896110534668,0.5796205997467041,0.6224128007888794,0.6758381128311157,1
0.49612149596214294,0.39480388164520264,0.34798362851142883,0.3627149164676666,0.4216773509979248,0.42627614736557007,0.4239063262939453,0.42459967732429504,0.42235228419303894,0.516435444355011,0.4987708330154419,0.47536104917526245,0.4568251073360443,0.5933384299278259,0.5523037910461426,0.5348670482635498,0.5245171785354614,0.6498985886573792,0.6164122223854065,0.5980556011199951,0.5879346132278442,0.9405899047851562,0.7984817028045654,0.6375399827957153,0.515138566493988,0.465215802192688,0.479710191488266,0.30656731128692627,0.21636363863945007,0.14478248357772827,0.4793137311935425,0.42159169912338257,0.4734550416469574,0.528904378414154,0.5239531397819519,0.514748215675354,0.565650463104248,0.6206541061401367,0.5794484615325928,0.5652865171432495,0.605437695980072,0.656377911567688,1
0.49458420276641846,0.3950178921222687,0.34927186369895935,0.3659132719039917,0.4224958121776581,0.42015236616134644,0.41833844780921936,0.41810619831085205,0.415492445230484,0.5059921741485596,0.49828100204467773,0.4794229567050934,0.4638326168060303,0.5807766914367676,0.5517443418502808,0.5367990732192993,0.5272786021232605,0.6355879306793213,0.6128650307655334,0.5960462093353271,0.5856077671051025,0.9325100779533386,0.7967268228530884,0.6483949422836304,0.5334771871566772,0.48652204871177673,0.48889854550361633,0.31317970156669617,0.2252265214920044,0.15461114048957825,0.4850550591945648,0.4173418879508972,0.4673488438129425,0.521511435508728,0.5260339379310608,0.5121368169784546,0.5615363121032715,0.6147985458374023,0.5767303109169006,0.559727132320404,0.6001937389373779,0.6513417363166809,1
0.4929032623767853,0.39609846472740173,0.35302627086639404,0.37205445766448975,0.4318544864654541,0.4194595217704773,0.4197857975959778,0.4200443923473358,0.4171369671821594,0.5023621916770935,0.5013017654418945,0.4784769117832184,0.4600324332714081,0.5769822597503662,0.5563834309577942,0.5391804575920105,0.5301339626312256,0.6340839862823486,0.6189132928848267,0.6002916693687439,0.5907300114631653,0.9394795894622803,0.7998992800712585,0.6428881883621216,0.5293151140213013,0.4848179221153259,0.5100806355476379,0.33160972595214844,0.23808130621910095,0.1630454659461975,0.5095261931419373,0.41752785444259644,0.469052791595459,0.5292283296585083,0.5492587089538574,0.5071042776107788,0.5580649375915527,0.6128882169723511,0.6016852259635925,0.5560374855995178,0.5958052277565002,0.6480187177658081,1
0.4950152337551117,0.4027934670448303,0.3591361343860626,0.37492260336875916,0.4314654469490051,0.41793912649154663,0.41752704977989197,0.4170137345790863,0.4142904281616211,0.4960806965827942,0.5016456246376038,0.48329946398735046,0.46673139929771423,0.5676285028457642,0.5552682280540466,0.5397943258285522,0.530064046382904,0.6250091791152954,0.6179243922233582,0.6016330718994141,0.5918650031089783,0.9328362941741943,0.8012762665748596,0.6516193151473999,0.5332731604576111,0.4810824692249298,0.5236819386482239,0.3476946949958801,0.25592976808547974,0.18267548084259033,0.5211020112037659,0.4227645993232727,0.46947234869003296,0.5246081948280334,0.554783284664154,0.5095541477203369,0.5569804310798645,0.6096093654632568,0.5985385179519653,0.546097457408905,0.5825021862983704,0.6313745379447937,1
0.49743756651878357,0.40391263365745544,0.3588746190071106,0.37431854009628296,0.42351722717285156,0.42586594820022583,0.41701674461364746,0.41647738218307495,0.4169083833694458,0.5058454871177673,0.4966617226600647,0.47265076637268066,0.45657598972320557,0.5757983326911926,0.5528672933578491,0.5335347652435303,0.5236391425132751,0.6276789903640747,0.6153005957603455,0.5977237820625305,0.5884621143341064,0.9370700120925903,0.8150133490562439,0.6739134788513184,0.5608351230621338,0.5103837847709656,0.5437358021736145,0.360267698764801,0.26573437452316284,0.1907012164592743,0.5387403964996338,0.4123515784740448,0.45051783323287964,0.5109068155288696,0.5712379217147827,0.5151151418685913,0.5597205758094788,0.6134341359138489,0.6133058071136475,0.553717851638794,0.5869008302688599,0.6335586905479431,1
0.4938217103481293,0.40634652972221375,0.3754766285419464,0.39798420667648315,0.4467400312423706,0.41574931144714355,0.41703176498413086,0.42376330494880676,0.4284719228744507,0.4927610456943512,0.4976268708705902,0.47917819023132324,0.4609973132610321,0.5637577176094055,0.5531060695648193,0.5404929518699646,0.5304291844367981,0.6187074780464172,0.6084914207458496,0.5955524444580078,0.5868563055992126,0.9464260935783386,0.8262094259262085,0.6865760087966919,0.5716595649719238,0.5115918517112732,0.5748768448829651,0.39724665880203247,0.30371758341789246,0.2293122410774231,0.568004846572876,0.4629344940185547,0.5037295818328857,0.5562334656715393,0.5954192280769348,0.5512361526489258,0.5975611805915833,0.6491866111755371,0.6333646178245544,0.58579021692276,0.6200280785560608,0.6651962995529175,1
0.48749271035194397,0.40380793809890747,0.37090885639190674,0.3697528839111328,0.3863751292228699,0.4161849021911621,0.41993603110313416,0.42450398206710815,0.42708444595336914,0.49295976758003235,0.4918089210987091,0.4744277000427246,0.4600558280944824,0.5616708397865295,0.5467350482940674,0.533282995223999,0.5244718194007874,0.6151295304298401,0.6026725769042969,0.5904325246810913,0.5829097032546997,0.9375091791152954,0.8143777251243591,0.673496663570404,0.5512454509735107,0.4738715589046478,0.5692322254180908,0.39998874068260193,0.3140644431114197,0.24359363317489624,0.5611721277236938,0.4711994528770447,0.5182322263717651,0.5742189288139343,0.5888962745666504,0.5520278811454773,0.6002234220504761,0.6523246169090271,0.6222060322761536,0.5803205370903015,0.6161667704582214,0.6610449552536011,1
0.4316936731338501,0.38107168674468994,0.37678956985473633,0.39421215653419495,0.41765734553337097,0.391307532787323,0.3977340757846832,0.40739354491233826,0.41467851400375366,0.45204663276672363,0.5072998404502869,0.5037276148796082,0.4826285243034363,0.5145822167396545,0.5507084727287292,0.5443739295005798,0.5250440835952759,0.5675497055053711,0.5964272618293762,0.5968272686004639,0.5867780447006226,0.9367794990539551,0.8115527629852295,0.6831337213516235,0.594709575176239,0.5411660671234131,0.5715208053588867,0.42796385288238525,0.33711957931518555,0.26723191142082214,0.5717158317565918,0.547595202922821,0.6077544093132019,0.6557602286338806,0.607849657535553,0.5968765616416931,0.6447357535362244,0.6837673187255859,0.6535031199455261,0.6250073313713074,0.6441347002983093,0.6635521054267883,1
0.40530630946159363,0.37858206033706665,0.3968324065208435,0.4402342438697815,0.48906615376472473,0.37697309255599976,0.3802632987499237,0.3914760947227478,0.40150216221809387,0.4292052686214447,0.499604195356369,0.5188820362091064,0.511410653591156,0.4868521988391876,0.5458455085754395,0.539836585521698,0.5157062411308289,0.5402280688285828,0.5739262700080872,0.561279833316803,0.5372951030731201,0.9198854565620422,0.7719058394432068,0.6326767802238464,0.5453181266784668,0.4993986487388611,0.5636839866638184,0.43171387910842896,0.3429276645183563,0.2726897895336151,0.5715245008468628,0.48509255051612854,0.5349739789962769,0.5840696096420288,0.6003347039222717,0.572836697101593,0.6247712969779968,0.661688506603241,0.6398267149925232,0.6301004886627197,0.6685120463371277,0.6956832408905029,1
0.37214967608451843,0.41937047243118286,0.4544525742530823,0.49856922030448914,0.5425237417221069,0.3539454936981201,0.3942054212093353,0.41440993547439575,0.432954341173172,0.3577457666397095,0.5093737244606018,0.5333926677703857,0.5214235186576843,0.3786936402320862,0.5189030170440674,0.5220752954483032,0.5013896822929382,0.40933874249458313,0.5143704414367676,0.5159168839454651,0.49744337797164917,0.8640737533569336,0.7538700699806213,0.6323447823524475,0.549182116985321,0.4843997359275818,0.533863365650177,0.4232468605041504,0.34380632638931274,0.28165990114212036,0.5509974360466003,0.5302028059959412,0.6079937219619751,0.6597259640693665,0.5915201306343079,0.5905200242996216,0.6553988456726074,0.6871382594108582,0.6400240659713745,0.6435198783874512,0.6930217146873474,0.7151172757148743,1
0.37515440583229065,0.4444560408592224,0.4686811864376068,0.4796002507209778,0.49654796719551086,0.37752044200897217,0.4088429808616638,0.43394479155540466,0.4569072723388672,0.35850971937179565,0.5069016218185425,0.5329400300979614,0.5226726531982422,0.3609920144081116,0.5091373920440674,0.5163313746452332,0.49939072132110596,0.3782978951931,0.49171850085258484,0.5009776949882507,0.48808589577674866,0.8659912347793579,0.7411624193191528,0.6163404583930969,0.525916576385498,0.44242510199546814,0.5130295753479004,0.4221264719963074,0.3479374051094055,0.28983375430107117,0.5398351550102234,0.5361179113388062,0.6303889155387878,0.6994361877441406,0.5917770862579346,0.6035017967224121,0.6870519518852234,0.7363588809967041,0.6535180807113647,0.6514256000518799,0.7159325480461121,0.7539868354797363,1
0.4074471592903137,0.4834572672843933,0.5283221006393433,0.5529399514198303,0.5648566484451294,0.4363113343715668,0.47039875388145447,0.4912753403186798,0.5084608197212219,0.39722490310668945,0.5036990642547607,0.5210949778556824,0.5100445747375488,0.37608030438423157,0.48753562569618225,0.4980745315551758,0.4882534444332123,0.36734476685523987,0.45696014165878296,0.46988773345947266,0.4619642198085785,0.8715295791625977,0.7946178913116455,0.7196261286735535,0.6593911647796631,0.6094087362289429,0.5425525903701782,0.4421495199203491,0.3697158694267273,0.3069005608558655,0.5495648384094238,0.5427298545837402,0.633029580116272,0.7005389332771301,0.5817578434944153,0.6043914556503296,0.6967904567718506,0.7565804719924927,0.6293656229972839,0.6403957009315491,0.706131637096405,0.7521123886108398,1
0.4277458190917969,0.4917072057723999,0.5390633344650269,0.5404325127601624,0.4970054626464844,0.45922860503196716,0.46939992904663086,0.4746890664100647,0.47868049144744873,0.4065997302532196,0.46001169085502625,0.48463761806488037,0.4913018047809601,0.36489754915237427,0.4347328841686249,0.4552861750125885,0.46016499400138855,0.3319627046585083,0.39621394872665405,0.41662025451660156,0.4197738468647003,0.8530029058456421,0.7873198986053467,0.6979833841323853,0.6213058233261108,0.6057606935501099,0.5356977581977844,0.4224448502063751,0.3479568660259247,0.2823813557624817,0.5422971248626709,0.536030650138855,0.6226125955581665,0.6948094367980957,0.5706526041030884,0.5927217602729797,0.6858251690864563,0.7541946768760681,0.6125956773757935,0.6219565868377686,0.688581645488739,0.7402197122573853,1
0.44063735008239746,0.5076708793640137,0.555029034614563,0.5408466458320618,0.48672425746917725,0.498374342918396,0.4953317642211914,0.48690134286880493,0.47957590222358704,0.4403248429298401,0.4603918790817261,0.47713032364845276,0.49137118458747864,0.38543158769607544,0.4340229630470276,0.46303465962409973,0.4806906580924988,0.3397981822490692,0.39679068326950073,0.4198428988456726,0.42823049426078796,0.8465460538864136,0.7919577956199646,0.692610502243042,0.6110676527023315,0.5940829515457153,0.544690728187561,0.4282791316509247,0.35074758529663086,0.28149089217185974,0.5448436737060547,0.4454469680786133,0.3632429838180542,0.29930105805397034,0.5659791231155396,0.5788887143135071,0.6722031235694885,0.7466748356819153,0.604791522026062,0.6166661977767944,0.6829415559768677,0.7362946271896362,1
0.45154809951782227,0.5150229930877686,0.5616636276245117,0.5524488091468811,0.5020536184310913,0.5037168860435486,0.4980059862136841,0.48646101355552673,0.4771260619163513,0.44677844643592834,0.4719797968864441,0.4883174002170563,0.5015173554420471,0.3910989463329315,0.4432458281517029,0.46925225853919983,0.4852682948112488,0.3423718512058258,0.3980524241924286,0.4227027893066406,0.432651162147522,0.8492094278335571,0.7878158092498779,0.6942527294158936,0.6158623695373535,0.5979316234588623,0.5510697960853577,0.4304351508617401,0.3487980365753174,0.275226891040802,0.5495165586471558,0.4469624161720276,0.3651403784751892,0.300204336643219,0.5714651942253113,0.5727522373199463,0.6652513742446899,0.7410904169082642,0.6130854487419128,0.6134272813796997,0.6781660318374634,0.7340953350067139,1
0.45409274101257324,0.5189393758773804,0.5669694542884827,0.553092896938324,0.5002926588058472,0.5058310031890869,0.49598947167396545,0.48067644238471985,0.46708840131759644,0.4442908465862274,0.4689773619174957,0.485458105802536,0.4994286298751831,0.3864632844924927,0.43427425622940063,0.46206653118133545,0.4819074273109436,0.34016144275665283,0.39502042531967163,0.4217822551727295,0.4352701008319855,0.8401654958724976,0.7839369177818298,0.6876291632652283,0.6119591593742371,0.5894742012023926,0.5359728336334229,0.4226560890674591,0.35054081678390503,0.28511515259742737,0.5380061864852905,0.430797815322876,0.34603720903396606,0.278093159198761,0.5629720091819763,0.5637033581733704,0.6574091911315918,0.7324333190917969,0.6049890518188477,0.6087839603424072,0.6812803149223328,0.7408491373062134,1
0.44844141602516174,0.5113756060600281,0.5676233172416687,0.5628268718719482,0.5130957365036011,0.49899134039878845,0.4877556264400482,0.47523999214172363,0.4667462110519409,0.4393670856952667,0.4707872271537781,0.5048903822898865,0.5309063196182251,0.38430482149124146,0.4318888187408447,0.462145060300827,0.4807608127593994,0.33777329325675964,0.38888266682624817,0.4141378402709961,0.42455917596817017,0.8344773650169373,0.7862793803215027,0.6906810998916626,0.6114885807037354,0.5946022868156433,0.5340627431869507,0.4068382978439331,0.3197861313819885,0.24254056811332703,0.5363184809684753,0.4643324017524719,0.43373754620552063,0.4102727472782135,0.5614004135131836,0.5737017393112183,0.6673295497894287,0.7404991388320923,0.6024937033653259,0.6076875329017639,0.6756587624549866,0.728919267654419,1
0.4564498960971832,0.5229173898696899,0.5760833024978638,0.5632897019386292,0.5097934603691101,0.4961927831172943,0.4866728186607361,0.4763731062412262,0.4698306620121002,0.4318269193172455,0.4699164628982544,0.5004346966743469,0.5152919888496399,0.37799644470214844,0.4281967282295227,0.4599089026451111,0.4743191599845886,0.3335888385772705,0.3858063817024231,0.4154750108718872,0.4264872372150421,0.8367899656295776,0.7829311490058899,0.6809711456298828,0.6096667051315308,0.6048129200935364,0.5093368291854858,0.3859502077102661,0.3032757341861725,0.2318660318851471,0.5207806825637817,0.5162672400474548,0.6095424890518188,0.6864038705825806,0.5573025941848755,0.579840898513794,0.675367534160614,0.7451469302177429,0.6078728437423706,0.613709568977356,0.6845548748970032,0.7373372316360474,1
0.45083239674568176,0.5190547704696655,0.5699435472488403,0.5501972436904907,0.49643728137016296,0.48709771037101746,0.4781668186187744,0.4708273708820343,0.4646301865577698,0.4203595221042633,0.4567776620388031,0.4879757761955261,0.5042697787284851,0.3669731318950653,0.4193052351474762,0.4518594741821289,0.467976838350296,0.3249143660068512,0.37803834676742554,0.40702754259109497,0.4193348288536072,0.8496590852737427,0.7935997247695923,0.6903489828109741,0.6218723654747009,0.6145530939102173,0.5207256078720093,0.3909396231174469,0.3042380213737488,0.23045703768730164,0.5308800339698792,0.5271145105361938,0.6179563403129578,0.6930365562438965,0.5653518438339233,0.5941489934921265,0.6893262267112732,0.757941722869873,0.6126796007156372,0.6257068514823914,0.6948770880699158,0.744843602180481,1
0.4386354386806488,0.5092941522598267,0.564299464225769,0.5437240600585938,0.48243585228919983,0.49157199263572693,0.48446395993232727,0.47277742624282837,0.46229466795921326,0.42023766040802,0.4565608501434326,0.4930177927017212,0.5139554738998413,0.3592548370361328,0.4145362079143524,0.45134326815605164,0.469309002161026,0.309862345457077,0.3649821877479553,0.39788639545440674,0.4110446870326996,0.8555388450622559,0.7955494523048401,0.6921005249023438,0.6240491271018982,0.6096877455711365,0.5085617303848267,0.3804742097854614,0.29651564359664917,0.22297987341880798,0.5206549763679504,0.47821328043937683,0.5124675035476685,0.5400950312614441,0.558434247970581,0.5841423273086548,0.6903691291809082,0.763568639755249,0.6128675937652588,0.6230782866477966,0.7035022377967834,0.7615455389022827,1
0.4419924020767212,0.5125596523284912,0.5671100616455078,0.5438663959503174,0.48246002197265625,0.48236000537872314,0.481199711561203,0.47644275426864624,0.47271695733070374,0.4098092019557953,0.4520193040370941,0.48858892917633057,0.5056734085083008,0.3518773317337036,0.41229885816574097,0.45058080554008484,0.4654637575149536,0.3067377805709839,0.3656390309333801,0.399101197719574,0.4111347794532776,0.8519226312637329,0.7922364473342896,0.6844465136528015,0.6150575876235962,0.6050546765327454,0.4847346246242523,0.3609160780906677,0.2727002501487732,0.1977977156639099,0.4997144937515259,0.5029842257499695,0.5966047644615173,0.6731976270675659,0.5449123382568359,0.5815488696098328,0.6839065551757812,0.7539074420928955,0.6073633432388306,0.621319055557251,0.7003740072250366,0.7547062635421753,1
